<?xml version="1.0" encoding="UTF-8"?>
<item><pubDate>Wed, 01 Aug 2012 10:38:18 +0000</pubDate><title><![CDATA[new computer build]]></title><url><![CDATA[new-computer-build]]></url><meta><![CDATA[buildapc, pc build, build a computer, r6670, intel i3 build, review]]></meta><metad><![CDATA[]]></metad><menu><![CDATA[new computer - 2012]]></menu><menuOrder><![CDATA[0]]></menuOrder><menuStatus><![CDATA[]]></menuStatus><template><![CDATA[template.php]]></template><parent><![CDATA[projects]]></parent><content><![CDATA[&lt;p style=\&quot;text-align: center; \&quot;&gt;
	&lt;img alt=\&quot;\&quot; src=\&quot;http://d30cz35xum7wy8.cloudfront.net/projects/new_computer_build/computer_build_1.jpg\&quot; style=\&quot;width: 700px; height: 467px; \&quot; /&gt;&lt;/p&gt;
&lt;p&gt;
	Over the summer I built a new PC to replace my aging Acer. The specs on my old computer were as follows:&lt;/p&gt;
&lt;p&gt;
	&amp;nbsp;&lt;/p&gt;
&lt;p&gt;
	• AMD Athlon 64 x2 CPU (90nm!)&lt;br /&gt;
	• 2GB RAM&lt;br /&gt;
	• Nvidia 6750 LE&lt;br /&gt;
	• 120GB Seagate HDD&lt;/p&gt;
&lt;p&gt;
	&amp;nbsp;&lt;/p&gt;
&lt;p&gt;
	It\&#039;s pretty clear that a computer with those specs could not run the latest software without struggling. The last time I checked, the number of hours the computer was on was approaching 30,000. I haven\&#039;t had a hardware failure yet, which is miraculous because hard drives typically fail well before that. It was time for an upgrade.&lt;br /&gt;
	&lt;br /&gt;
	Before I begin I would like to thank &lt;a href=\&quot;http://www.reddit.com/r/buildapc\&quot;&gt;r/buildapc&lt;/a&gt;, the reddit community who offered advice on part selection. The people there would be happy to help if you ever need anything computer related.&lt;br /&gt;
	&amp;nbsp;&lt;/p&gt;
&lt;h2&gt;
	specifications&lt;/h2&gt;
&lt;p style=\&quot;text-align: center; \&quot;&gt;
	&lt;img alt=\&quot;\&quot; src=\&quot;http://d30cz35xum7wy8.cloudfront.net/projects/new_computer_build/computer_build_2.jpg\&quot; style=\&quot;width: 700px; height: 425px; \&quot; /&gt;&lt;/p&gt;
&lt;p&gt;
	&lt;strong&gt;Intel i3 2120&lt;/strong&gt; - I don\&#039;t game or do heavy video editing, so an i3 dual core processor is sufficient.&amp;nbsp;&lt;br /&gt;
	&lt;strong&gt;Radeon R6670 GPU&lt;/strong&gt; - Once again, I don\&#039;t game, so I went with something that would still be useful five years down the road. A discrete GPU is good for the light CAD work I do.&amp;nbsp;&lt;br /&gt;
	&lt;strong&gt;ASUS P8B75-M LE Motherboard&lt;/strong&gt; - There were many motherboards to pick from, but I went with this one for its native USB 3.0 support and low price. The six SATA ports might be useful if I add an RAID controller later.&lt;br /&gt;
	&lt;strong&gt;Crucial m4 SSD&lt;/strong&gt; - SSDs are below $1/GB now, and with the recent price hike on hard drives, it made sense to get one. The speed bonuses are incredible as well; I benchmarked the random read speed and it was 26 times faster than my old mechanical hard drive.&lt;br /&gt;
	&lt;strong&gt;8GB Crucial 1333MHz RAM&lt;/strong&gt; - I spent way too much time debating between getting 4GB or 8GB. Right now as I am writing this, my memory usage is at 41%, so I made the right choice in getting 8 gigabytes.&lt;br /&gt;
	&lt;strong&gt;Western Digital Caviar Blue 500GB HDD&lt;/strong&gt; - Only 500 gigabytes because I don\&#039;t have large movies to store. The 120GB in my old computer was really all I need.&amp;nbsp;&lt;br /&gt;
	&lt;strong&gt;Cooler Master GX400W PSU&lt;/strong&gt; - 400W is a little overkill, but at least I know I won\&#039;t have problems. I followed r/buildapc\&#039;s advice to not skimp on a power supply.&amp;nbsp;&lt;br /&gt;
	&lt;strong&gt;Cooler Master Elite 431 Case&lt;/strong&gt; - Nothing special here. Just a case that is compatible and looks nice.&lt;br /&gt;
	&amp;nbsp;&lt;/p&gt;
&lt;h2&gt;
	operating system&lt;/h2&gt;
&lt;p&gt;
	Windows 7 and Ubuntu are the two operating systems I went with. Dual booting was a pain, but it worked in the end.&amp;nbsp;&lt;/p&gt;
&lt;p&gt;
	&amp;nbsp;&lt;/p&gt;
&lt;h2&gt;
	price breakdown&lt;/h2&gt;
&lt;table border=\&quot;0\&quot; bordercolor=\&quot;#663399\&quot; cellpadding=\&quot;10px\&quot; cellspacing=\&quot;0\&quot; style=\&quot;background-color:#FFFFFF\&quot; width=\&quot;500\&quot;&gt;
	&lt;tbody&gt;
		&lt;tr&gt;
			&lt;td&gt;
				&lt;strong&gt;Item&lt;/strong&gt;&lt;/td&gt;
			&lt;td style=\&quot;text-align: right; \&quot;&gt;
				&lt;strong&gt;Price (USD equivalent)&lt;/strong&gt;&lt;/td&gt;
		&lt;/tr&gt;
		&lt;tr&gt;
			&lt;td&gt;
				Intel i3-2120 Sandy Bridge LGA1155 Processor &amp;nbsp;&amp;nbsp;&lt;/td&gt;
			&lt;td style=\&quot;text-align: right; \&quot;&gt;
				$119.33&lt;/td&gt;
		&lt;/tr&gt;
		&lt;tr&gt;
			&lt;td&gt;
				ASUS P8B75-M LE Motherboard&lt;/td&gt;
			&lt;td style=\&quot;text-align: right; \&quot;&gt;
				$86.33&lt;/td&gt;
		&lt;/tr&gt;
		&lt;tr&gt;
			&lt;td&gt;
				MSI R6670-MD2GD3 ATI 2GB Graphics Card&lt;/td&gt;
			&lt;td style=\&quot;text-align: right; \&quot;&gt;
				$83.33&lt;/td&gt;
		&lt;/tr&gt;
		&lt;tr&gt;
			&lt;td&gt;
				Western Digital Caviar Blue 7200rpm HDD&lt;/td&gt;
			&lt;td style=\&quot;text-align: right; \&quot;&gt;
				$64.67&lt;/td&gt;
		&lt;/tr&gt;
		&lt;tr&gt;
			&lt;td&gt;
				Cooler Master Elite 431 ATX Case&lt;/td&gt;
			&lt;td style=\&quot;text-align: right; \&quot;&gt;
				$49.67&lt;/td&gt;
		&lt;/tr&gt;
		&lt;tr&gt;
			&lt;td&gt;
				Cooler Master GX400W Power Supply&lt;/td&gt;
			&lt;td style=\&quot;text-align: right; \&quot;&gt;
				$50.00&lt;/td&gt;
		&lt;/tr&gt;
		&lt;tr&gt;
			&lt;td&gt;
				Windows 7 64-bit Home Premium OEM&amp;nbsp;&lt;/td&gt;
			&lt;td style=\&quot;text-align: right; \&quot;&gt;
				$123.33&lt;/td&gt;
		&lt;/tr&gt;
		&lt;tr&gt;
			&lt;td&gt;
				Crucial m4 64GB SSD&lt;/td&gt;
			&lt;td style=\&quot;text-align: right; \&quot;&gt;
				$82.99&lt;/td&gt;
		&lt;/tr&gt;
		&lt;tr&gt;
			&lt;td&gt;
				Crucial 2*4GB DDR3 1333MHz Memory&lt;/td&gt;
			&lt;td style=\&quot;text-align: right; \&quot;&gt;
				$47.99&lt;/td&gt;
		&lt;/tr&gt;
		&lt;tr&gt;
			&lt;td&gt;
				Dual 17\&quot; Monitors&lt;/td&gt;
			&lt;td style=\&quot;text-align: right; \&quot;&gt;
				Free&lt;/td&gt;
		&lt;/tr&gt;
		&lt;tr&gt;
			&lt;td&gt;
				Keyboard, Mouse, and Speakers&lt;/td&gt;
			&lt;td style=\&quot;text-align: right; \&quot;&gt;
				Free&lt;/td&gt;
		&lt;/tr&gt;
		&lt;tr&gt;
			&lt;td&gt;
				&amp;nbsp;&lt;/td&gt;
			&lt;td style=\&quot;text-align: right; \&quot;&gt;
				&amp;nbsp;&lt;/td&gt;
		&lt;/tr&gt;
		&lt;tr&gt;
			&lt;td&gt;
				Total&lt;/td&gt;
			&lt;td style=\&quot;text-align: right; \&quot;&gt;
				&lt;strong&gt;$707.64&lt;/strong&gt;&lt;/td&gt;
		&lt;/tr&gt;
	&lt;/tbody&gt;
&lt;/table&gt;
&lt;p&gt;
	&amp;nbsp;&lt;/p&gt;
&lt;p&gt;
	&amp;nbsp;&lt;/p&gt;
&lt;p&gt;
	&amp;nbsp;&lt;/p&gt;
&lt;h2&gt;
	build photos&lt;/h2&gt;
&lt;p&gt;
	Build photos are on my &lt;a href=\&quot;https://picasaweb.google.com/100717066473058120846/NewComputerBuild?authuser=0&amp;amp;feat=directlink\&quot;&gt;Picasa web gallery&lt;/a&gt;.&lt;/p&gt;
]]></content><private><![CDATA[]]></private><author><![CDATA[xiaoyangkao2]]></author><creation_date><![CDATA[july 17, 2012]]></creation_date><creDate>Wed, 01 Aug 2012 10:38:18 +0000</creDate><user><![CDATA[xiaoyangkao2]]></user></item>
