<?xml version="1.0" encoding="UTF-8"?>
<item><pubDate>Wed, 01 Aug 2012 10:42:20 +0000</pubDate><title><![CDATA[replicating an object]]></title><url><![CDATA[replicating-an-object]]></url><meta><![CDATA[]]></meta><metad><![CDATA[]]></metad><menu><![CDATA[replicating an object]]></menu><menuOrder><![CDATA[0]]></menuOrder><menuStatus><![CDATA[]]></menuStatus><template><![CDATA[template.php]]></template><parent><![CDATA[sandbox]]></parent><content><![CDATA[&lt;p style=\&quot;text-align: center;\&quot;&gt;
	&lt;img alt=\&quot;\&quot; src=\&quot;http://d30cz35xum7wy8.cloudfront.net/sandbox/tripod_head/tripod_head_cover.png\&quot; style=\&quot;width: 640px; height: 427px; \&quot; /&gt;&lt;/p&gt;
&lt;p&gt;
	My DIY slider needs a standard 1/4\&quot; bolt to mount, but the one on my tripod was too short so I took some measurements and printed another plate. The plate is a quick-release clamp-on type, which is relatively small and easy to print.&lt;/p&gt;
&lt;p style=\&quot;text-align: center;\&quot;&gt;
	&lt;img alt=\&quot;\&quot; src=\&quot;http://d30cz35xum7wy8.cloudfront.net/sandbox/tripod_head/tripod_head_1.jpg\&quot; style=\&quot;width: 550px; height: 203px; \&quot; /&gt;&lt;/p&gt;
&lt;p&gt;
	Normally with art sculptures, the object is scanned with a 3d scanner then cleaned up in a CAD program. The plate however is very geometric and \&#039;boxy\&#039;, so I modelled it directly. The CAD package I use is Rhinoceros 4 because it is free through my school.&lt;/p&gt;
&lt;p style=\&quot;text-align: center;\&quot;&gt;
	&amp;nbsp;&lt;/p&gt;
&lt;h2&gt;
	CAD model&lt;/h2&gt;
&lt;p style=\&quot;text-align: center;\&quot;&gt;
	&lt;img alt=\&quot;\&quot; src=\&quot;http://d30cz35xum7wy8.cloudfront.net/sandbox/tripod_head/tripod_head_2.png\&quot; style=\&quot;width: 500px; height: 408px; \&quot; /&gt;&lt;/p&gt;
&lt;p&gt;
	Base profile of the plate.&lt;/p&gt;
&lt;p&gt;
	&amp;nbsp;&lt;/p&gt;
&lt;p style=\&quot;text-align: center;\&quot;&gt;
	&lt;img alt=\&quot;\&quot; src=\&quot;http://d30cz35xum7wy8.cloudfront.net/sandbox/tripod_head/tripod_head_3.png\&quot; style=\&quot;width: 500px; height: 281px; \&quot; /&gt;&lt;/p&gt;
&lt;p&gt;
	Base profile extruded and the clamp profile drawn.&lt;/p&gt;
&lt;p&gt;
	&amp;nbsp;&lt;/p&gt;
&lt;p style=\&quot;text-align: center;\&quot;&gt;
	&lt;img alt=\&quot;\&quot; src=\&quot;http://d30cz35xum7wy8.cloudfront.net/sandbox/tripod_head/tripod_head_5.png\&quot; style=\&quot;width: 500px; height: 199px; \&quot; /&gt;&lt;/p&gt;
&lt;p&gt;
	Clamp extruded and chamfers added.&lt;/p&gt;
&lt;p&gt;
	&amp;nbsp;&lt;/p&gt;
&lt;h2&gt;
	printing in ABS&lt;/h2&gt;
&lt;p&gt;
	I used ABS for this instead of PLA because it is supposedly better for mechanical parts. What surprised me was how much it shrunk. The whole thing shrunk almost 2mm (~3%), which made it a little loose on the tripod. If you are designing something for ABS, remember to calibrate your skeinforge settings or scale your stl file before you print.&lt;/p&gt;
&lt;p style=\&quot;text-align: center;\&quot;&gt;
	&lt;br /&gt;
	&lt;img alt=\&quot;\&quot; src=\&quot;http://d30cz35xum7wy8.cloudfront.net/sandbox/tripod_head/tripod_head_7.jpg\&quot; style=\&quot;width: 500px; height: 337px; \&quot; /&gt;&lt;/p&gt;
&lt;p style=\&quot;text-align: center;\&quot;&gt;
	Finished print off the printer.&lt;/p&gt;
&lt;p&gt;
	&amp;nbsp;&lt;/p&gt;
&lt;p style=\&quot;text-align: center;\&quot;&gt;
	&lt;img alt=\&quot;\&quot; src=\&quot;http://d30cz35xum7wy8.cloudfront.net/sandbox/tripod_head/tripod_head_8.jpg\&quot; style=\&quot;width: 500px; height: 243px; \&quot; /&gt;&lt;/p&gt;
&lt;p style=\&quot;text-align: center;\&quot;&gt;
	&amp;nbsp;&lt;/p&gt;
&lt;p&gt;
	High resolution images available &lt;a href=\&quot;https://picasaweb.google.com/100717066473058120846/ReplicatingAnObject?authuser=0&amp;amp;feat=directlink\&quot;&gt;here &lt;/a&gt;on Picasa.&lt;/p&gt;
]]></content><private><![CDATA[]]></private><author><![CDATA[xiaoyangkao2]]></author><creation_date><![CDATA[june 9, 2012]]></creation_date><creDate>Wed, 01 Aug 2012 10:42:20 +0000</creDate><user><![CDATA[xiaoyangkao2]]></user></item>
