<?xml version="1.0"?>
<channel><item><url>32-24-display</url><pubDate><![CDATA[Sat, 23 Feb 2013 11:57:00 +0000]]></pubDate><title><![CDATA[32*24 display]]></title><url><![CDATA[32-24-display]]></url><meta><![CDATA[]]></meta><metad><![CDATA[]]></metad><menu><![CDATA[32*24 display]]></menu><menuOrder><![CDATA[0]]></menuOrder><menuStatus><![CDATA[]]></menuStatus><template><![CDATA[template.php]]></template><parent><![CDATA[projects]]></parent><private><![CDATA[]]></private><author><![CDATA[xiaoyangkao2]]></author><creation_date><![CDATA[]]></creation_date><creDate><![CDATA[Sat, 23 Feb 2013 11:57:00 +0000]]></creDate><user><![CDATA[xiaoyangkao2]]></user><slug><![CDATA[32-24-display]]></slug><filename><![CDATA[32-24-display.xml]]></filename></item><item><url>about</url><pubDate><![CDATA[Mon, 13 May 2013 22:41:28 +0800]]></pubDate><title><![CDATA[about]]></title><url><![CDATA[about]]></url><meta><![CDATA[xyk2maker, about, xyk2, xiaoyang kao, xiaoyang, making]]></meta><metad><![CDATA[]]></metad><menu><![CDATA[about]]></menu><menuOrder><![CDATA[5]]></menuOrder><menuStatus><![CDATA[Y]]></menuStatus><template><![CDATA[about.php]]></template><parent><![CDATA[]]></parent><private><![CDATA[]]></private><author><![CDATA[xiaoyangkao2]]></author><creation_date><![CDATA[]]></creation_date><creDate><![CDATA[Mon, 13 May 2013 22:41:28 +0800]]></creDate><user><![CDATA[xiaoyangkao2]]></user><slug><![CDATA[about]]></slug><filename><![CDATA[about.xml]]></filename></item><item><url>batch-resizing-with-irfanview</url><pubDate><![CDATA[Sat, 05 Jan 2013 22:08:43 +0000]]></pubDate><title><![CDATA[batch resizing with irfanview]]></title><url><![CDATA[batch-resizing-with-irfanview]]></url><meta><![CDATA[]]></meta><metad><![CDATA[]]></metad><menu><![CDATA[batch resizing with irfanview]]></menu><menuOrder><![CDATA[0]]></menuOrder><menuStatus><![CDATA[]]></menuStatus><template><![CDATA[template.php]]></template><parent><![CDATA[sandbox]]></parent><private><![CDATA[]]></private><author><![CDATA[xiaoyangkao2]]></author><creation_date><![CDATA[january 6, 2013]]></creation_date><creDate><![CDATA[Sat, 05 Jan 2013 22:08:43 +0000]]></creDate><user><![CDATA[xiaoyangkao2]]></user><slug><![CDATA[batch-resizing-with-irfanview]]></slug><filename><![CDATA[batch-resizing-with-irfanview.xml]]></filename></item><item><url>decoding-daktronics-omnisport-2000</url><pubDate><![CDATA[Sat, 23 Feb 2013 12:10:49 +0000]]></pubDate><title><![CDATA[decoding the daktronics omnisport 2000]]></title><url><![CDATA[decoding-daktronics-omnisport-2000]]></url><meta><![CDATA[]]></meta><metad><![CDATA[]]></metad><menu><![CDATA[reverse engineering the daktronics omnisport 200]]></menu><menuOrder><![CDATA[0]]></menuOrder><menuStatus><![CDATA[]]></menuStatus><template><![CDATA[template.php]]></template><parent><![CDATA[projects]]></parent><private><![CDATA[]]></private><author><![CDATA[xiaoyangkao2]]></author><creation_date><![CDATA[january 8, 2013]]></creation_date><creDate><![CDATA[Sat, 23 Feb 2013 12:10:49 +0000]]></creDate><user><![CDATA[xiaoyangkao2]]></user><slug><![CDATA[decoding-daktronics-omnisport-2000]]></slug><filename><![CDATA[decoding-daktronics-omnisport-2000.xml]]></filename></item><item><url>eagle-library</url><pubDate><![CDATA[Fri, 03 Aug 2012 10:07:58 +0000]]></pubDate><title><![CDATA[eagle library]]></title><url><![CDATA[eagle-library]]></url><meta><![CDATA[]]></meta><metad><![CDATA[]]></metad><menu><![CDATA[eagle library]]></menu><menuOrder><![CDATA[0]]></menuOrder><menuStatus><![CDATA[]]></menuStatus><template><![CDATA[template.php]]></template><parent><![CDATA[sandbox]]></parent><private><![CDATA[]]></private><author><![CDATA[xiaoyangkao2]]></author><creation_date><![CDATA[august 2, 2012]]></creation_date><creDate><![CDATA[Fri, 03 Aug 2012 10:07:58 +0000]]></creDate><user><![CDATA[xiaoyangkao2]]></user><slug><![CDATA[eagle-library]]></slug><filename><![CDATA[eagle-library.xml]]></filename></item><item><url>gifcapture</url><pubDate><![CDATA[Thu, 02 Aug 2012 04:52:38 +0000]]></pubDate><title><![CDATA[GIFcapture]]></title><url><![CDATA[gifcapture]]></url><meta><![CDATA[screen capture gif, gif maker, gif screen, convert gif]]></meta><metad><![CDATA[]]></metad><menu><![CDATA[test]]></menu><menuOrder><![CDATA[0]]></menuOrder><menuStatus><![CDATA[]]></menuStatus><template><![CDATA[template.php]]></template><parent><![CDATA[projects]]></parent><private><![CDATA[]]></private><author><![CDATA[xiaoyangkao2]]></author><creation_date><![CDATA[july 26, 2012]]></creation_date><creDate><![CDATA[Thu, 02 Aug 2012 04:52:38 +0000]]></creDate><user><![CDATA[xiaoyangkao2]]></user><slug><![CDATA[gifcapture]]></slug><filename><![CDATA[gifcapture.xml]]></filename></item><item><url>index</url><pubDate><![CDATA[Mon, 13 May 2013 22:38:04 +0800]]></pubDate><title><![CDATA[home]]></title><url><![CDATA[index]]></url><meta><![CDATA[xyk2maker, xyk2, xiaoyang, kao, electronics, avr]]></meta><metad><![CDATA[Projects, documentation, thoughts, and experiments by xyk2. ]]></metad><menu><![CDATA[Home]]></menu><menuOrder><![CDATA[1]]></menuOrder><menuStatus><![CDATA[]]></menuStatus><template><![CDATA[home.php]]></template><parent><![CDATA[]]></parent><private><![CDATA[]]></private><author><![CDATA[xiaoyangkao2]]></author><creation_date><![CDATA[]]></creation_date><creDate><![CDATA[Mon, 13 May 2013 22:38:04 +0800]]></creDate><user><![CDATA[xiaoyangkao2]]></user><slug><![CDATA[index]]></slug><filename><![CDATA[index.xml]]></filename></item><item><url>laser-cut-project-boxes</url><pubDate><![CDATA[Wed, 01 Aug 2012 10:41:59 +0000]]></pubDate><title><![CDATA[laser cut project boxes]]></title><url><![CDATA[laser-cut-project-boxes]]></url><meta><![CDATA[]]></meta><metad><![CDATA[]]></metad><menu><![CDATA[laser cut project boxes]]></menu><menuOrder><![CDATA[0]]></menuOrder><menuStatus><![CDATA[]]></menuStatus><template><![CDATA[template.php]]></template><parent><![CDATA[sandbox]]></parent><private><![CDATA[]]></private><author><![CDATA[xiaoyangkao2]]></author><creation_date><![CDATA[june 10, 2012]]></creation_date><creDate><![CDATA[Wed, 01 Aug 2012 10:41:59 +0000]]></creDate><user><![CDATA[xiaoyangkao2]]></user><slug><![CDATA[laser-cut-project-boxes]]></slug><filename><![CDATA[laser-cut-project-boxes.xml]]></filename></item><item><url>layer-heights-on-the-3d-printer</url><pubDate><![CDATA[Wed, 01 Aug 2012 10:42:09 +0000]]></pubDate><title><![CDATA[layer heights on the 3d printer]]></title><url><![CDATA[layer-heights-on-the-3d-printer]]></url><meta><![CDATA[]]></meta><metad><![CDATA[]]></metad><menu><![CDATA[layer heights on the mosaic 3d printer]]></menu><menuOrder><![CDATA[0]]></menuOrder><menuStatus><![CDATA[]]></menuStatus><template><![CDATA[template.php]]></template><parent><![CDATA[sandbox]]></parent><private><![CDATA[]]></private><author><![CDATA[xiaoyangkao2]]></author><creation_date><![CDATA[june 6, 2012]]></creation_date><creDate><![CDATA[Wed, 01 Aug 2012 10:42:09 +0000]]></creDate><user><![CDATA[xiaoyangkao2]]></user><slug><![CDATA[layer-heights-on-the-3d-printer]]></slug><filename><![CDATA[layer-heights-on-the-3d-printer.xml]]></filename></item><item><url>led-matrix</url><pubDate><![CDATA[Wed, 01 Aug 2012 10:36:10 +0000]]></pubDate><title><![CDATA[controlling led matrices]]></title><url><![CDATA[led-matrix]]></url><meta><![CDATA[2n5401, 74hc154, arduino, atmel, electronics, lab, led, matrix, mbi5026, multiplexing]]></meta><metad><![CDATA[My attempt at controlling 8x8 LED matrices with multiplexing using the MBI5026 constant-sink driver.]]></metad><menu><![CDATA[led matrix]]></menu><menuOrder><![CDATA[0]]></menuOrder><menuStatus><![CDATA[]]></menuStatus><template><![CDATA[template.php]]></template><parent><![CDATA[sandbox]]></parent><private><![CDATA[]]></private><author><![CDATA[xiaoyangkao2]]></author><creation_date><![CDATA[may 17, 2012]]></creation_date><creDate><![CDATA[Wed, 01 Aug 2012 10:36:10 +0000]]></creDate><user><![CDATA[xiaoyangkao2]]></user><slug><![CDATA[led-matrix]]></slug><filename><![CDATA[led-matrix.xml]]></filename></item><item><url>new-computer-build</url><pubDate><![CDATA[Wed, 01 Aug 2012 10:38:18 +0000]]></pubDate><title><![CDATA[new computer build]]></title><url><![CDATA[new-computer-build]]></url><meta><![CDATA[buildapc, pc build, build a computer, r6670, intel i3 build, review]]></meta><metad><![CDATA[]]></metad><menu><![CDATA[new computer - 2012]]></menu><menuOrder><![CDATA[0]]></menuOrder><menuStatus><![CDATA[]]></menuStatus><template><![CDATA[template.php]]></template><parent><![CDATA[projects]]></parent><private><![CDATA[]]></private><author><![CDATA[xiaoyangkao2]]></author><creation_date><![CDATA[july 17, 2012]]></creation_date><creDate><![CDATA[Wed, 01 Aug 2012 10:38:18 +0000]]></creDate><user><![CDATA[xiaoyangkao2]]></user><slug><![CDATA[new-computer-build]]></slug><filename><![CDATA[new-computer-build.xml]]></filename></item><item><url>portable-audio-amp</url><pubDate><![CDATA[Sat, 23 Feb 2013 11:58:33 +0000]]></pubDate><title><![CDATA[portable audio amp]]></title><url><![CDATA[portable-audio-amp]]></url><meta><![CDATA[]]></meta><metad><![CDATA[]]></metad><menu><![CDATA[portable audio amp]]></menu><menuOrder><![CDATA[0]]></menuOrder><menuStatus><![CDATA[]]></menuStatus><template><![CDATA[template.php]]></template><parent><![CDATA[projects]]></parent><private><![CDATA[]]></private><author><![CDATA[xiaoyangkao2]]></author><creation_date><![CDATA[june 6, 2012]]></creation_date><creDate><![CDATA[Sat, 23 Feb 2013 11:58:33 +0000]]></creDate><user><![CDATA[xiaoyangkao2]]></user><slug><![CDATA[portable-audio-amp]]></slug><filename><![CDATA[portable-audio-amp.xml]]></filename></item><item><url>projects</url><pubDate><![CDATA[Sat, 23 Feb 2013 11:48:24 +0000]]></pubDate><title><![CDATA[projects]]></title><url><![CDATA[projects]]></url><meta><![CDATA[]]></meta><metad><![CDATA[]]></metad><menu><![CDATA[projects]]></menu><menuOrder><![CDATA[1]]></menuOrder><menuStatus><![CDATA[Y]]></menuStatus><template><![CDATA[project_subcategory.php]]></template><parent><![CDATA[]]></parent><private><![CDATA[]]></private><author><![CDATA[xiaoyangkao2]]></author><creation_date><![CDATA[]]></creation_date><creDate><![CDATA[Sat, 23 Feb 2013 11:48:24 +0000]]></creDate><user><![CDATA[xiaoyangkao2]]></user><slug><![CDATA[projects]]></slug><filename><![CDATA[projects.xml]]></filename></item><item><url>reddit-sort-bookmarklets</url><pubDate><![CDATA[Tue, 16 Oct 2012 13:27:05 +0000]]></pubDate><title><![CDATA[reddit sort bookmarklets]]></title><url><![CDATA[reddit-sort-bookmarklets]]></url><meta><![CDATA[]]></meta><metad><![CDATA[]]></metad><menu><![CDATA[reddit sort bookmarklets]]></menu><menuOrder><![CDATA[0]]></menuOrder><menuStatus><![CDATA[]]></menuStatus><template><![CDATA[template.php]]></template><parent><![CDATA[sandbox]]></parent><private><![CDATA[]]></private><author><![CDATA[xiaoyangkao2]]></author><creation_date><![CDATA[october, 16, 2012]]></creation_date><creDate><![CDATA[Tue, 16 Oct 2012 13:27:05 +0000]]></creDate><user><![CDATA[xiaoyangkao2]]></user><slug><![CDATA[reddit-sort-bookmarklets]]></slug><filename><![CDATA[reddit-sort-bookmarklets.xml]]></filename></item><item><url>remote-weather-data-logger</url><pubDate><![CDATA[Sat, 23 Feb 2013 11:59:18 +0000]]></pubDate><title><![CDATA[remote weather data logger]]></title><url><![CDATA[remote-weather-data-logger]]></url><meta><![CDATA[remote weather logger, standalone, datalogger, avr data log, arduino data logger]]></meta><metad><![CDATA[]]></metad><menu><![CDATA[remote weather data logger]]></menu><menuOrder><![CDATA[0]]></menuOrder><menuStatus><![CDATA[]]></menuStatus><template><![CDATA[template.php]]></template><parent><![CDATA[projects]]></parent><private><![CDATA[]]></private><author><![CDATA[xiaoyangkao2]]></author><creation_date><![CDATA[june 16, 2012]]></creation_date><creDate><![CDATA[Sat, 23 Feb 2013 11:59:18 +0000]]></creDate><user><![CDATA[xiaoyangkao2]]></user><slug><![CDATA[remote-weather-data-logger]]></slug><filename><![CDATA[remote-weather-data-logger.xml]]></filename></item><item><url>repairing-a-daktronics-scoreboard</url><pubDate><![CDATA[Thu, 03 Jan 2013 22:07:31 +0000]]></pubDate><title><![CDATA[repairing a daktronics scoreboard]]></title><url><![CDATA[repairing-a-daktronics-scoreboard]]></url><meta><![CDATA[]]></meta><metad><![CDATA[]]></metad><menu><![CDATA[Repairing a daktronics scoreboard]]></menu><menuOrder><![CDATA[0]]></menuOrder><menuStatus><![CDATA[]]></menuStatus><template><![CDATA[template.php]]></template><parent><![CDATA[sandbox]]></parent><private><![CDATA[]]></private><author><![CDATA[xiaoyangkao2]]></author><creation_date><![CDATA[january 4, 2013]]></creation_date><creDate><![CDATA[Thu, 03 Jan 2013 22:07:31 +0000]]></creDate><user><![CDATA[xiaoyangkao2]]></user><slug><![CDATA[repairing-a-daktronics-scoreboard]]></slug><filename><![CDATA[repairing-a-daktronics-scoreboard.xml]]></filename></item><item><url>replicating-an-object</url><pubDate><![CDATA[Wed, 01 Aug 2012 10:42:20 +0000]]></pubDate><title><![CDATA[replicating an object]]></title><url><![CDATA[replicating-an-object]]></url><meta><![CDATA[]]></meta><metad><![CDATA[]]></metad><menu><![CDATA[replicating an object]]></menu><menuOrder><![CDATA[0]]></menuOrder><menuStatus><![CDATA[]]></menuStatus><template><![CDATA[template.php]]></template><parent><![CDATA[sandbox]]></parent><private><![CDATA[]]></private><author><![CDATA[xiaoyangkao2]]></author><creation_date><![CDATA[june 9, 2012]]></creation_date><creDate><![CDATA[Wed, 01 Aug 2012 10:42:20 +0000]]></creDate><user><![CDATA[xiaoyangkao2]]></user><slug><![CDATA[replicating-an-object]]></slug><filename><![CDATA[replicating-an-object.xml]]></filename></item><item><url>sandbox</url><pubDate><![CDATA[Sat, 05 Jan 2013 21:01:35 +0000]]></pubDate><title><![CDATA[sandbox]]></title><url><![CDATA[sandbox]]></url><meta><![CDATA[xyk2maker, sandbox, xyk2, testing, projects, xiaoyang kao]]></meta><metad><![CDATA[Random experiments and programs. Not large enough to be considered projects, but worth mentioning. ]]></metad><menu><![CDATA[sandbox]]></menu><menuOrder><![CDATA[2]]></menuOrder><menuStatus><![CDATA[Y]]></menuStatus><template><![CDATA[sandbox_subcategory.php]]></template><parent><![CDATA[]]></parent><private><![CDATA[]]></private><author><![CDATA[xiaoyangkao2]]></author><creation_date><![CDATA[]]></creation_date><creDate><![CDATA[Sat, 05 Jan 2013 21:01:35 +0000]]></creDate><user><![CDATA[xiaoyangkao2]]></user><slug><![CDATA[sandbox]]></slug><filename><![CDATA[sandbox.xml]]></filename></item><item><url>simple-xml-readwrite</url><pubDate><![CDATA[Sat, 23 Feb 2013 12:02:02 +0000]]></pubDate><title><![CDATA[simple xml read/write]]></title><url><![CDATA[simple-xml-readwrite]]></url><meta><![CDATA[]]></meta><metad><![CDATA[]]></metad><menu><![CDATA[simple xml read/write]]></menu><menuOrder><![CDATA[0]]></menuOrder><menuStatus><![CDATA[]]></menuStatus><template><![CDATA[template.php]]></template><parent><![CDATA[sandbox]]></parent><private><![CDATA[Y]]></private><author><![CDATA[xiaoyangkao2]]></author><creation_date><![CDATA[august 26, 2012]]></creation_date><creDate><![CDATA[Sat, 23 Feb 2013 12:02:02 +0000]]></creDate><user><![CDATA[xiaoyangkao2]]></user><slug><![CDATA[simple-xml-readwrite]]></slug><filename><![CDATA[simple-xml-readwrite.xml]]></filename></item><item><url>turing-alarm</url><pubDate><![CDATA[Wed, 01 Aug 2012 10:35:26 +0000]]></pubDate><title><![CDATA[turing alarm]]></title><url><![CDATA[turing-alarm]]></url><meta><![CDATA[projects]]></meta><metad><![CDATA[]]></metad><menu><![CDATA[turing alarm]]></menu><menuOrder><![CDATA[0]]></menuOrder><menuStatus><![CDATA[]]></menuStatus><template><![CDATA[template.php]]></template><parent><![CDATA[projects]]></parent><private><![CDATA[]]></private><author><![CDATA[xiaoyangkao2]]></author><creation_date><![CDATA[april 28, 2012]]></creation_date><creDate><![CDATA[Wed, 01 Aug 2012 10:35:26 +0000]]></creDate><user><![CDATA[xiaoyangkao2]]></user><slug><![CDATA[turing-alarm]]></slug><filename><![CDATA[turing-alarm.xml]]></filename></item><item><url>unboxing-the-mosaic</url><pubDate><![CDATA[Wed, 01 Aug 2012 10:35:40 +0000]]></pubDate><title><![CDATA[unboxing the mosaic]]></title><url><![CDATA[unboxing-the-mosaic]]></url><meta><![CDATA[]]></meta><metad><![CDATA[]]></metad><menu><![CDATA[assembling the mosaic]]></menu><menuOrder><![CDATA[0]]></menuOrder><menuStatus><![CDATA[]]></menuStatus><template><![CDATA[template.php]]></template><parent><![CDATA[projects]]></parent><private><![CDATA[]]></private><author><![CDATA[xiaoyangkao2]]></author><creation_date><![CDATA[june 6, 2012]]></creation_date><creDate><![CDATA[Wed, 01 Aug 2012 10:35:40 +0000]]></creDate><user><![CDATA[xiaoyangkao2]]></user><slug><![CDATA[unboxing-the-mosaic]]></slug><filename><![CDATA[unboxing-the-mosaic.xml]]></filename></item><item><url>virtual-graphics-for-swimming</url><pubDate><![CDATA[Sun, 05 May 2013 17:08:18 +0000]]></pubDate><title><![CDATA[virtual lane graphics for swimming with css3]]></title><url><![CDATA[virtual-graphics-for-swimming]]></url><meta><![CDATA[]]></meta><metad><![CDATA[]]></metad><menu><![CDATA[virtual graphics for swimming]]></menu><menuOrder><![CDATA[0]]></menuOrder><menuStatus><![CDATA[]]></menuStatus><template><![CDATA[template.php]]></template><parent><![CDATA[projects]]></parent><private><![CDATA[]]></private><author><![CDATA[xiaoyangkao2]]></author><creation_date><![CDATA[february 16, 2013]]></creation_date><creDate><![CDATA[Sun, 05 May 2013 17:08:18 +0000]]></creDate><user><![CDATA[xiaoyangkao2]]></user><slug><![CDATA[virtual-graphics-for-swimming]]></slug><filename><![CDATA[virtual-graphics-for-swimming.xml]]></filename></item></channel>
