<?xml version="1.0" encoding="UTF-8"?>
<item><pubDate>Sat, 05 Jan 2013 21:01:35 +0000</pubDate><title><![CDATA[sandbox]]></title><url><![CDATA[sandbox]]></url><meta><![CDATA[xyk2maker, sandbox, xyk2, testing, projects, xiaoyang kao]]></meta><metad><![CDATA[Random experiments and programs. Not large enough to be considered projects, but worth mentioning. ]]></metad><menu><![CDATA[sandbox]]></menu><menuOrder><![CDATA[2]]></menuOrder><menuStatus><![CDATA[Y]]></menuStatus><template><![CDATA[sandbox_subcategory.php]]></template><parent><![CDATA[]]></parent><content><![CDATA[&lt;table border=\&quot;0\&quot; cellspacing=\&quot;0\&quot; style=\&quot;margin-left:15px;\&quot;&gt;
	&lt;tbody&gt;
		&lt;tr&gt;
			&lt;td&gt;
				&lt;img alt=\&quot;\&quot; src=\&quot;http://d30cz35xum7wy8.cloudfront.net/sandbox/layer_heights/layer_heights_thumbnail.jpg\&quot; style=\&quot;width: 120px; height: 120px; float: left; \&quot; /&gt;&lt;/td&gt;
			&lt;td style=\&quot;padding-left:20px;\&quot;&gt;
				&lt;h2&gt;
					&lt;a href=\&quot;http://xyk2maker.com/sandbox/layer-heights-on-the-3d-printer/\&quot;&gt;printing at 0.1mm resolution&lt;/a&gt;&lt;/h2&gt;
				&lt;p&gt;
					With a stock 0.35mm nozzle, I managed to print at a resolution of 100 microns.&lt;/p&gt;
			&lt;/td&gt;
		&lt;/tr&gt;
		&lt;tr&gt;
			&lt;td&gt;
				&lt;img alt=\&quot;\&quot; src=\&quot;http://d30cz35xum7wy8.cloudfront.net/sandbox/led_matrix/led_matrix_thumbnail.jpg\&quot; style=\&quot;width: 120px; height: 120px; float: left; \&quot; /&gt;&lt;/td&gt;
			&lt;td style=\&quot;padding-left:20px;\&quot;&gt;
				&lt;h2&gt;
					&lt;a href=\&quot;http://xyk2maker.com/sandbox/led-matrix/\&quot;&gt;controlling led matrices&lt;/a&gt;&lt;/h2&gt;
				&lt;p&gt;
					Controlling 8x8 LED matrices with the MBI5026 display driver.&lt;/p&gt;
			&lt;/td&gt;
		&lt;/tr&gt;
		&lt;tr&gt;
			&lt;td&gt;
				&lt;img alt=\&quot;\&quot; src=\&quot;http://d30cz35xum7wy8.cloudfront.net/sandbox/tripod_head/tripod_head_thumbnail.png\&quot; style=\&quot;width: 120px; height: 120px; float: left; \&quot; /&gt;&lt;/td&gt;
			&lt;td style=\&quot;padding-left:20px;\&quot;&gt;
				&lt;h2&gt;
					&lt;a href=\&quot;http://xyk2maker.com/sandbox/replicating-an-object/\&quot;&gt;replicating an object on the 3d printer&lt;/a&gt;&lt;/h2&gt;
				&lt;p&gt;
					My tripod plate bolt was too short so I took some measurements and printed another one.&lt;/p&gt;
			&lt;/td&gt;
		&lt;/tr&gt;
		&lt;tr&gt;
			&lt;td&gt;
				&lt;img alt=\&quot;\&quot; src=\&quot;http://d30cz35xum7wy8.cloudfront.net/sandbox/laser_cut_boxes/laser_cut_boxes_thumbnail.jpg\&quot; style=\&quot;width: 120px; height: 120px; float: left; \&quot; /&gt;&lt;/td&gt;
			&lt;td style=\&quot;padding-left:20px;\&quot;&gt;
				&lt;h2&gt;
					&lt;a href=\&quot;http://xyk2maker.com/sandbox/laser-cut-project-boxes/\&quot;&gt;laser cut project boxes&lt;/a&gt;&lt;/h2&gt;
				&lt;p&gt;
					A custom designed laser cut project enclosure for one of my projects.&lt;/p&gt;
			&lt;/td&gt;
		&lt;/tr&gt;
		&lt;tr&gt;
			&lt;td&gt;
				&lt;img alt=\&quot;\&quot; src=\&quot;http://d30cz35xum7wy8.cloudfront.net/sandbox/eagle_library/eagle_library_thumbnail.png\&quot; style=\&quot;width: 120px; height: 120px; float: left; \&quot; /&gt;&lt;/td&gt;
			&lt;td style=\&quot;padding-left:20px;\&quot;&gt;
				&lt;h2&gt;
					&lt;a href=\&quot;http://xyk2maker.com/sandbox/laser-cut-project-boxes/\&quot;&gt;e&lt;/a&gt;&lt;a href=\&quot;http://xyk2maker.com/sandbox/eagle-library/\&quot;&gt;agle library&lt;/a&gt;&lt;/h2&gt;
				&lt;p&gt;
					Custom parts and packages in Eagle for my projects.&amp;nbsp;&lt;/p&gt;
			&lt;/td&gt;
		&lt;/tr&gt;
		&lt;tr&gt;
			&lt;td&gt;
				&lt;img alt=\&quot;\&quot; src=\&quot;http://d30cz35xum7wy8.cloudfront.net/sandbox/simple_XML/simple_xml_readwrite_thumbnail.png\&quot; style=\&quot;width: 120px; height: 120px; float: left; \&quot; /&gt;&lt;/td&gt;
			&lt;td style=\&quot;padding-left:20px;\&quot;&gt;
				&lt;h2&gt;
					&lt;a href=\&quot;http://xyk2maker.com/sandbox/simple-xml-readwrite/\&quot;&gt;simple xml read/write&lt;/a&gt;&lt;/h2&gt;
				&lt;p&gt;
					Read and write&amp;nbsp;XML elements with xmlrw and python.&lt;/p&gt;
			&lt;/td&gt;
		&lt;/tr&gt;
		&lt;tr&gt;
			&lt;td&gt;
				&lt;img alt=\&quot;\&quot; src=\&quot;http://d30cz35xum7wy8.cloudfront.net/sandbox/reddit_bookmarklet/thumbnail.png\&quot; style=\&quot;width: 120px; height: 120px; float: left; \&quot; /&gt;&lt;/td&gt;
			&lt;td style=\&quot;padding-left:20px;\&quot;&gt;
				&lt;h2&gt;
					&lt;a href=\&quot;http://xyk2maker.com/sandbox/reddit-sort-bookmarklets/\&quot;&gt;reddit sort bookmarklets&lt;/a&gt;&lt;/h2&gt;
				&lt;p&gt;
					Sort reddit posts by time and popularity with these bookmarklets.&lt;/p&gt;
			&lt;/td&gt;
		&lt;/tr&gt;
		&lt;tr&gt;
			&lt;td&gt;
				&lt;img alt=\&quot;\&quot; src=\&quot;http://d30cz35xum7wy8.cloudfront.net/sandbox/repairing_a_daktronics_scoreboard/thumbnail.jpg\&quot; style=\&quot;width: 120px; height: 120px;\&quot; /&gt;&lt;/td&gt;
			&lt;td style=\&quot;padding-left:20px;\&quot;&gt;
				&lt;h2&gt;
					&lt;a href=\&quot;http://xyk2maker.com/sandbox/reddit-sort-bookmarklets/\&quot;&gt;r&lt;/a&gt;&lt;a href=\&quot;http://xyk2maker.com/sandbox/repairing-a-daktronics-scoreboard/\&quot;&gt;epairing a daktronics scoreboard&lt;/a&gt;&lt;/h2&gt;
				&lt;p&gt;
					How I repaired six LED modules from a daktronics swimming scoreboard.&lt;/p&gt;
			&lt;/td&gt;
		&lt;/tr&gt;
		&lt;tr&gt;
			&lt;td&gt;
				&lt;img alt=\&quot;\&quot; src=\&quot;http://d30cz35xum7wy8.cloudfront.net/sandbox/batch_resizing_with_irfanview/thumbnail.png\&quot; style=\&quot;width: 120px; height: 120px;\&quot; /&gt;&lt;/td&gt;
			&lt;td style=\&quot;padding-left:20px;\&quot;&gt;
				&lt;h2&gt;
					&lt;a href=\&quot;http://xyk2maker.com/sandbox/batch-resizing-with-irfanview/\&quot;&gt;batch resizing with irfanview&lt;/a&gt;&lt;/h2&gt;
				&lt;p&gt;
					Quickly resize and compress images with this script.&lt;/p&gt;
			&lt;/td&gt;
		&lt;/tr&gt;
	&lt;/tbody&gt;
&lt;/table&gt;
&lt;p&gt;
	&amp;nbsp;&lt;/p&gt;
]]></content><private><![CDATA[]]></private><author><![CDATA[xiaoyangkao2]]></author><creation_date><![CDATA[]]></creation_date><creDate>Sat, 05 Jan 2013 21:01:35 +0000</creDate><user><![CDATA[xiaoyangkao2]]></user></item>
