<?xml version="1.0" encoding="UTF-8"?>
<item><pubDate>Thu, 03 Jan 2013 22:07:31 +0000</pubDate><title><![CDATA[repairing a daktronics scoreboard]]></title><url><![CDATA[repairing-a-daktronics-scoreboard]]></url><meta><![CDATA[]]></meta><metad><![CDATA[]]></metad><menu><![CDATA[Repairing a daktronics scoreboard]]></menu><menuOrder><![CDATA[0]]></menuOrder><menuStatus><![CDATA[]]></menuStatus><template><![CDATA[template.php]]></template><parent><![CDATA[sandbox]]></parent><content><![CDATA[&lt;p style=\&quot;text-align: center;\&quot;&gt;
	&lt;img alt=\&quot;\&quot; src=\&quot;http://d30cz35xum7wy8.cloudfront.net/sandbox/repairing_a_daktronics_scoreboard/DSC01267.jpg\&quot; style=\&quot;width: 700px; height: 429px;\&quot; /&gt;&lt;/p&gt;
&lt;p&gt;
	The pool at my school has an old-style daktronics LED scoreboard that looks like this:&lt;/p&gt;
&lt;p style=\&quot;text-align: center;\&quot;&gt;
	&lt;img alt=\&quot;\&quot; src=\&quot;http://d30cz35xum7wy8.cloudfront.net/sandbox/repairing_a_daktronics_scoreboard/SW5108.jpg\&quot; style=\&quot;width: 250px; height: 288px;\&quot; /&gt;&lt;/p&gt;
&lt;p&gt;
	Most of the time the scoreboard is off, but there is an option for it to display the current time like a clock. The time is shown on the second row (in the picture it is at the 15:01.39 time), and over the years of constant operation, many of the leds on that row have reached EOL and died. It didn’t look like a hard fix so I asked the director to remove the digit modules and see if I can fix them.&lt;/p&gt;
&lt;p&gt;
	The first thing anyone should do in this situation is to check the repair manual, so thats what I did. Hidden at the very end of the pdf was this:&lt;/p&gt;
&lt;p&gt;
	&lt;img alt=\&quot;\&quot; src=\&quot;http://d30cz35xum7wy8.cloudfront.net/sandbox/repairing_a_daktronics_scoreboard/manual.png\&quot; style=\&quot;width: 500px; height: 666px;\&quot; /&gt;&lt;br /&gt;
	Not too helpful, but I can tell there are 14 LEDs per segment, and 98 per digit. The removed modules confirmed what the manual said. Curiously, each segment has two chains of seven LEDs (this is because if one fails, an incorrect digit wont be displayed).&lt;/p&gt;
&lt;br /&gt;
&lt;h2&gt;
	specifications&lt;/h2&gt;
&lt;p&gt;
	There are no published specifications for the modules so I probed around and came up with these:&lt;/p&gt;
&lt;p&gt;
	12V input, common anode&lt;br /&gt;
	9-pin molex square connectors&lt;br /&gt;
	7 LEDs in series with a 1/2W 150-ohm resistor (I will call these chains)&lt;br /&gt;
	The stock LEDs have a Vf of about 1.55V (not quite sure how accurate this is)&lt;/p&gt;
&lt;p&gt;
	&amp;nbsp;&lt;/p&gt;
&lt;h2&gt;
	process&lt;/h2&gt;
&lt;p&gt;
	The modules have a clear conformal coating on the front and back, which was a real pain to work with. The coating meant that the probes didnt make contact properly, so I had to scrape it off. Once I began soldering, the iron melted it away.&lt;/p&gt;
&lt;p style=\&quot;text-align: center;\&quot;&gt;
	&lt;img alt=\&quot;\&quot; src=\&quot;http://d30cz35xum7wy8.cloudfront.net/sandbox/repairing_a_daktronics_scoreboard/DSC01378.jpg\&quot; style=\&quot;width: 500px; height: 312px;\&quot; /&gt;&lt;/p&gt;
&lt;p style=\&quot;text-align: center;\&quot;&gt;
	A comparison of the new LEDs and the old. The right segment has not been replaced in this photo.&lt;/p&gt;
&lt;p&gt;
	I broke down replacing LEDs into five steps:&lt;/p&gt;
&lt;ul&gt;
	&lt;li&gt;
		Break off the old LEDs with pliers - the old ones were dead, so there is no point in keeping them&lt;/li&gt;
	&lt;li&gt;
		Remove remaining LED leads from board&lt;/li&gt;
	&lt;li&gt;
		Wick off the remaining solder still in the via&lt;/li&gt;
	&lt;li&gt;
		Insert the new LED, solder one leg&lt;/li&gt;
	&lt;li&gt;
		Position it so it is flush with the board, then solder the other leg and clip the leads&lt;/li&gt;
&lt;/ul&gt;
&lt;p&gt;
	&amp;nbsp;&lt;/p&gt;
&lt;h2&gt;
	gallery&lt;/h2&gt;
&lt;p style=\&quot;text-align: center;\&quot;&gt;
	&lt;img alt=\&quot;\&quot; src=\&quot;http://d30cz35xum7wy8.cloudfront.net/sandbox/repairing_a_daktronics_scoreboard/DSC01356.jpg\&quot; style=\&quot;width: 600px; height: 271px;\&quot; /&gt;&lt;/p&gt;
&lt;p style=\&quot;text-align: center;\&quot;&gt;
	The leads are bent in the factory (presumably to hold it in place).&lt;/p&gt;
&lt;p style=\&quot;text-align: center;\&quot;&gt;
	&lt;img alt=\&quot;\&quot; src=\&quot;http://d30cz35xum7wy8.cloudfront.net/sandbox/repairing_a_daktronics_scoreboard/DSC01346.jpg\&quot; style=\&quot;width: 600px; height: 313px;\&quot; /&gt;&lt;/p&gt;
&lt;p style=\&quot;text-align: center;\&quot;&gt;
	Bag of 600 5mm red LEDs. Bought from my local electronics store for $30.&lt;/p&gt;
&lt;p style=\&quot;text-align: center;\&quot;&gt;
	&lt;img alt=\&quot;\&quot; src=\&quot;http://d30cz35xum7wy8.cloudfront.net/sandbox/repairing_a_daktronics_scoreboard/DSC01322.jpg\&quot; style=\&quot;width: 600px; height: 574px;\&quot; /&gt;&lt;/p&gt;
&lt;p style=\&quot;text-align: center;\&quot;&gt;
	Front side of the board with half of the bulbs removed. The round bits surrounding each pad is the epoxy from the conformal coating.&lt;/p&gt;
&lt;p style=\&quot;text-align: center;\&quot;&gt;
	&lt;img alt=\&quot;\&quot; src=\&quot;http://d30cz35xum7wy8.cloudfront.net/sandbox/repairing_a_daktronics_scoreboard/DSC01373.jpg\&quot; style=\&quot;width: 600px; height: 580px;\&quot; /&gt;&lt;/p&gt;
&lt;p style=\&quot;text-align: center;\&quot;&gt;
	One of the six boards that were repaired. Red LEDs actually come in different wavelengths, and the one I bought were slightly more orange than the stock ones.&amp;nbsp;&lt;/p&gt;
&lt;p style=\&quot;text-align: center;\&quot;&gt;
	&lt;img alt=\&quot;\&quot; src=\&quot;http://d30cz35xum7wy8.cloudfront.net/sandbox/repairing_a_daktronics_scoreboard/DSC01275.jpg\&quot; style=\&quot;width: 448px; height: 258px;\&quot; /&gt;&lt;/p&gt;
&lt;p style=\&quot;text-align: center;\&quot;&gt;
	&amp;nbsp;&lt;/p&gt;
]]></content><private><![CDATA[]]></private><author><![CDATA[xiaoyangkao2]]></author><creation_date><![CDATA[january 4, 2013]]></creation_date><creDate>Thu, 03 Jan 2013 22:07:31 +0000</creDate><user><![CDATA[xiaoyangkao2]]></user></item>
