<?xml version="1.0" encoding="UTF-8"?>
<item><pubDate>Mon, 13 May 2013 22:41:28 +0800</pubDate><title><![CDATA[about]]></title><url><![CDATA[about]]></url><meta><![CDATA[xyk2maker, about, xyk2, xiaoyang kao, xiaoyang, making]]></meta><metad><![CDATA[]]></metad><menu><![CDATA[about]]></menu><menuOrder><![CDATA[5]]></menuOrder><menuStatus><![CDATA[Y]]></menuStatus><template><![CDATA[about.php]]></template><parent><![CDATA[]]></parent><content><![CDATA[&lt;p&gt;
	EMPTY PAGE - EDIT about.php at /theme/new/&lt;/p&gt;
]]></content><private><![CDATA[]]></private><author><![CDATA[xiaoyangkao2]]></author><creation_date><![CDATA[]]></creation_date><creDate>Mon, 13 May 2013 22:41:28 +0800</creDate><user><![CDATA[xiaoyangkao2]]></user></item>
