<?xml version="1.0" encoding="UTF-8"?>
<item><pubDate>Sat, 23 Feb 2013 12:02:02 +0000</pubDate><title><![CDATA[simple xml read/write]]></title><url><![CDATA[simple-xml-readwrite]]></url><meta><![CDATA[]]></meta><metad><![CDATA[]]></metad><menu><![CDATA[simple xml read/write]]></menu><menuOrder><![CDATA[0]]></menuOrder><menuStatus><![CDATA[]]></menuStatus><template><![CDATA[template.php]]></template><parent><![CDATA[sandbox]]></parent><content><![CDATA[&lt;p&gt;
	An ajax site I created polls data from a separate xml database file that updates periodically. To edit it without having to modify the .xml file directly, I wrote a python class with very simple read/write functions. All it does is loop from the top of the file until it finds the tag, and then reads it or rewrites it with data given by the program.&lt;/p&gt;
&lt;p&gt;
	&amp;nbsp;&lt;/p&gt;
&lt;h2&gt;
	use&lt;/h2&gt;
&lt;p&gt;
	To read a tag:&lt;/p&gt;
&lt;pre style=&quot;color:#000000;background:#ffffff;&quot;&gt;
xml &lt;span style=&quot;color:#808030; &quot;&gt;=&lt;/span&gt; xmlrw&lt;span style=&quot;color:#808030; &quot;&gt;(&lt;/span&gt;&#039;filename&lt;span style=&quot;color:#808030; &quot;&gt;.&lt;/span&gt;xml&#039;&lt;span style=&quot;color:#808030; &quot;&gt;)&lt;/span&gt;
xml&lt;span style=&quot;color:#808030; &quot;&gt;.&lt;/span&gt;get_tag&lt;span style=&quot;color:#808030; &quot;&gt;(&lt;/span&gt;&lt;span style=&quot;color:#0000e6; &quot;&gt;&#039;&amp;lt;tag&amp;gt;&#039;&lt;/span&gt;&lt;span style=&quot;color:#808030; &quot;&gt;,&lt;/span&gt; index&lt;span style=&quot;color:#808030; &quot;&gt;)
&lt;/span&gt;
&lt;/pre&gt;
&lt;p&gt;
	&lt;code&gt;index&lt;/code&gt; is the number of times a tag appears starting from the top of the file (so &lt;code&gt;xmlrw.read_tag(&#039;&amp;lt;tag&amp;gt;&#039;, 2)&lt;/code&gt; would return the data between the third &lt;code&gt;&amp;lt;tag&amp;gt;&lt;/code&gt; element).&lt;/p&gt;
&lt;p&gt;
	&lt;code&gt;&lt;code&gt;&amp;nbsp;&lt;/code&gt;&lt;/code&gt;&lt;/p&gt;
&lt;h2&gt;
	source&lt;/h2&gt;
&lt;pre style=&quot;color:#000000;background:#ffffff;&quot;&gt;
&lt;code&gt;&lt;code&gt;
&lt;span style=&quot;color:#800000; font-weight:bold; &quot;&gt;import&lt;/span&gt; xml&lt;span style=&quot;color:#808030; &quot;&gt;.&lt;/span&gt;dom&lt;span style=&quot;color:#808030; &quot;&gt;.&lt;/span&gt;minidom

data &lt;span style=&quot;color:#808030; &quot;&gt;=&lt;/span&gt; &lt;span style=&quot;color:#808030; &quot;&gt;[&lt;/span&gt;&lt;span style=&quot;color:#008c00; &quot;&gt;0&lt;/span&gt;&lt;span style=&quot;color:#808030; &quot;&gt;]&lt;/span&gt; &lt;span style=&quot;color:#808030; &quot;&gt;*&lt;/span&gt; &lt;span style=&quot;color:#008c00; &quot;&gt;300&lt;/span&gt; &lt;span style=&quot;color:#696969; &quot;&gt;#memory buffer&lt;/span&gt;

&lt;span style=&quot;color:#800000; font-weight:bold; &quot;&gt;def&lt;/span&gt; prettifyXML&lt;span style=&quot;color:#808030; &quot;&gt;(&lt;/span&gt;filename&lt;span style=&quot;color:#808030; &quot;&gt;)&lt;/span&gt;&lt;span style=&quot;color:#808030; &quot;&gt;:&lt;/span&gt;
    xml_pretty &lt;span style=&quot;color:#808030; &quot;&gt;=&lt;/span&gt; xml&lt;span style=&quot;color:#808030; &quot;&gt;.&lt;/span&gt;dom&lt;span style=&quot;color:#808030; &quot;&gt;.&lt;/span&gt;minidom&lt;span style=&quot;color:#808030; &quot;&gt;.&lt;/span&gt;parse&lt;span style=&quot;color:#808030; &quot;&gt;(&lt;/span&gt;filename&lt;span style=&quot;color:#808030; &quot;&gt;)&lt;/span&gt;
    new_string&lt;span style=&quot;color:#808030; &quot;&gt;=&lt;/span&gt;&lt;span style=&quot;color:#0000e6; &quot;&gt;&#039;&#039;&lt;/span&gt;
    &lt;span style=&quot;color:#800000; font-weight:bold; &quot;&gt;for&lt;/span&gt; line &lt;span style=&quot;color:#800000; font-weight:bold; &quot;&gt;in&lt;/span&gt; xml_pretty&lt;span style=&quot;color:#808030; &quot;&gt;.&lt;/span&gt;toprettyxml&lt;span style=&quot;color:#808030; &quot;&gt;(&lt;/span&gt;&lt;span style=&quot;color:#808030; &quot;&gt;)&lt;/span&gt;&lt;span style=&quot;color:#808030; &quot;&gt;.&lt;/span&gt;split&lt;span style=&quot;color:#808030; &quot;&gt;(&lt;/span&gt;&lt;span style=&quot;color:#0000e6; &quot;&gt;&#039;\\n&#039;&lt;/span&gt;&lt;span style=&quot;color:#808030; &quot;&gt;)&lt;/span&gt;&lt;span style=&quot;color:#808030; &quot;&gt;:&lt;/span&gt;
            &lt;span style=&quot;color:#800000; font-weight:bold; &quot;&gt;if&lt;/span&gt; line&lt;span style=&quot;color:#808030; &quot;&gt;.&lt;/span&gt;strip&lt;span style=&quot;color:#808030; &quot;&gt;(&lt;/span&gt;&lt;span style=&quot;color:#808030; &quot;&gt;)&lt;/span&gt;&lt;span style=&quot;color:#808030; &quot;&gt;:&lt;/span&gt;
                    new_string &lt;span style=&quot;color:#808030; &quot;&gt;+&lt;/span&gt;&lt;span style=&quot;color:#808030; &quot;&gt;=&lt;/span&gt; line &lt;span style=&quot;color:#808030; &quot;&gt;+&lt;/span&gt; &lt;span style=&quot;color:#0000e6; &quot;&gt;&#039;\\n&#039;&lt;/span&gt;
    &lt;span style=&quot;color:#e34adc; &quot;&gt;file&lt;/span&gt; &lt;span style=&quot;color:#808030; &quot;&gt;=&lt;/span&gt; &lt;span style=&quot;color:#e34adc; &quot;&gt;open&lt;/span&gt;&lt;span style=&quot;color:#808030; &quot;&gt;(&lt;/span&gt;filename&lt;span style=&quot;color:#808030; &quot;&gt;,&lt;/span&gt; &lt;span style=&quot;color:#0000e6; &quot;&gt;&#039;w&#039;&lt;/span&gt;&lt;span style=&quot;color:#808030; &quot;&gt;)&lt;/span&gt;
    &lt;span style=&quot;color:#e34adc; &quot;&gt;file&lt;/span&gt;&lt;span style=&quot;color:#808030; &quot;&gt;.&lt;/span&gt;write&lt;span style=&quot;color:#808030; &quot;&gt;(&lt;/span&gt;new_string&lt;span style=&quot;color:#808030; &quot;&gt;)&lt;/span&gt;
    &lt;span style=&quot;color:#e34adc; &quot;&gt;file&lt;/span&gt;&lt;span style=&quot;color:#808030; &quot;&gt;.&lt;/span&gt;close&lt;span style=&quot;color:#808030; &quot;&gt;(&lt;/span&gt;&lt;span style=&quot;color:#808030; &quot;&gt;)&lt;/span&gt;
    
&lt;span style=&quot;color:#800000; font-weight:bold; &quot;&gt;class&lt;/span&gt; xmlrw&lt;span style=&quot;color:#808030; &quot;&gt;(&lt;/span&gt;object&lt;span style=&quot;color:#808030; &quot;&gt;)&lt;/span&gt;&lt;span style=&quot;color:#808030; &quot;&gt;:&lt;/span&gt;
    &lt;span style=&quot;color:#800000; font-weight:bold; &quot;&gt;def&lt;/span&gt; &lt;span style=&quot;color:#e34adc; &quot;&gt;__init__&lt;/span&gt;&lt;span style=&quot;color:#808030; &quot;&gt;(&lt;/span&gt;self&lt;span style=&quot;color:#808030; &quot;&gt;,&lt;/span&gt; filename&lt;span style=&quot;color:#808030; &quot;&gt;)&lt;/span&gt;&lt;span style=&quot;color:#808030; &quot;&gt;:&lt;/span&gt;
        self&lt;span style=&quot;color:#808030; &quot;&gt;.&lt;/span&gt;filename &lt;span style=&quot;color:#808030; &quot;&gt;=&lt;/span&gt; filename
        
    &lt;span style=&quot;color:#800000; font-weight:bold; &quot;&gt;def&lt;/span&gt; get_tag&lt;span style=&quot;color:#808030; &quot;&gt;(&lt;/span&gt;self&lt;span style=&quot;color:#808030; &quot;&gt;,&lt;/span&gt; tag&lt;span style=&quot;color:#808030; &quot;&gt;,&lt;/span&gt; index&lt;span style=&quot;color:#808030; &quot;&gt;)&lt;/span&gt;&lt;span style=&quot;color:#808030; &quot;&gt;:&lt;/span&gt;
        &lt;span style=&quot;color:#e34adc; &quot;&gt;file&lt;/span&gt; &lt;span style=&quot;color:#808030; &quot;&gt;=&lt;/span&gt; &lt;span style=&quot;color:#e34adc; &quot;&gt;open&lt;/span&gt;&lt;span style=&quot;color:#808030; &quot;&gt;(&lt;/span&gt;self&lt;span style=&quot;color:#808030; &quot;&gt;.&lt;/span&gt;filename&lt;span style=&quot;color:#808030; &quot;&gt;,&lt;/span&gt; &lt;span style=&quot;color:#0000e6; &quot;&gt;&#039;r&#039;&lt;/span&gt;&lt;span style=&quot;color:#808030; &quot;&gt;)&lt;/span&gt;
        data &lt;span style=&quot;color:#808030; &quot;&gt;=&lt;/span&gt; &lt;span style=&quot;color:#e34adc; &quot;&gt;file&lt;/span&gt;&lt;span style=&quot;color:#808030; &quot;&gt;.&lt;/span&gt;readlines&lt;span style=&quot;color:#808030; &quot;&gt;(&lt;/span&gt;&lt;span style=&quot;color:#808030; &quot;&gt;)&lt;/span&gt;
        &lt;span style=&quot;color:#e34adc; &quot;&gt;file&lt;/span&gt;&lt;span style=&quot;color:#808030; &quot;&gt;.&lt;/span&gt;close&lt;span style=&quot;color:#808030; &quot;&gt;(&lt;/span&gt;&lt;span style=&quot;color:#808030; &quot;&gt;)&lt;/span&gt;
        &lt;span style=&quot;color:#800000; font-weight:bold; &quot;&gt;for&lt;/span&gt; line &lt;span style=&quot;color:#800000; font-weight:bold; &quot;&gt;in&lt;/span&gt; data&lt;span style=&quot;color:#808030; &quot;&gt;:&lt;/span&gt;
            &lt;span style=&quot;color:#800000; font-weight:bold; &quot;&gt;if&lt;/span&gt;&lt;span style=&quot;color:#808030; &quot;&gt;(&lt;/span&gt;line&lt;span style=&quot;color:#808030; &quot;&gt;.&lt;/span&gt;find&lt;span style=&quot;color:#808030; &quot;&gt;(&lt;/span&gt;tag&lt;span style=&quot;color:#808030; &quot;&gt;)&lt;/span&gt;&lt;span style=&quot;color:#808030; &quot;&gt;!&lt;/span&gt;&lt;span style=&quot;color:#808030; &quot;&gt;=&lt;/span&gt;&lt;span style=&quot;color:#808030; &quot;&gt;-&lt;/span&gt;&lt;span style=&quot;color:#008c00; &quot;&gt;1&lt;/span&gt; &lt;span style=&quot;color:#800000; font-weight:bold; &quot;&gt;and&lt;/span&gt; index&lt;span style=&quot;color:#808030; &quot;&gt;=&lt;/span&gt;&lt;span style=&quot;color:#808030; &quot;&gt;=&lt;/span&gt;&lt;span style=&quot;color:#008c00; &quot;&gt;0&lt;/span&gt;&lt;span style=&quot;color:#808030; &quot;&gt;)&lt;/span&gt;&lt;span style=&quot;color:#808030; &quot;&gt;:&lt;/span&gt;
                &lt;span style=&quot;color:#800000; font-weight:bold; &quot;&gt;return&lt;/span&gt; line&lt;span style=&quot;color:#808030; &quot;&gt;.&lt;/span&gt;lstrip&lt;span style=&quot;color:#808030; &quot;&gt;(&lt;/span&gt;&lt;span style=&quot;color:#808030; &quot;&gt;)&lt;/span&gt;&lt;span style=&quot;color:#808030; &quot;&gt;.&lt;/span&gt;lstrip&lt;span style=&quot;color:#808030; &quot;&gt;(&lt;/span&gt;tag&lt;span style=&quot;color:#808030; &quot;&gt;)&lt;/span&gt;&lt;span style=&quot;color:#808030; &quot;&gt;.&lt;/span&gt;split&lt;span style=&quot;color:#808030; &quot;&gt;(&lt;/span&gt;&lt;span style=&quot;color:#0000e6; &quot;&gt;&#039;&amp;lt;&#039;&lt;/span&gt;&lt;span style=&quot;color:#808030; &quot;&gt;)&lt;/span&gt;&lt;span style=&quot;color:#808030; &quot;&gt;[&lt;/span&gt;&lt;span style=&quot;color:#008c00; &quot;&gt;0&lt;/span&gt;&lt;span style=&quot;color:#808030; &quot;&gt;]&lt;/span&gt;
            &lt;span style=&quot;color:#800000; font-weight:bold; &quot;&gt;elif&lt;/span&gt;&lt;span style=&quot;color:#808030; &quot;&gt;(&lt;/span&gt;line&lt;span style=&quot;color:#808030; &quot;&gt;.&lt;/span&gt;find&lt;span style=&quot;color:#808030; &quot;&gt;(&lt;/span&gt;tag&lt;span style=&quot;color:#808030; &quot;&gt;)&lt;/span&gt;&lt;span style=&quot;color:#808030; &quot;&gt;!&lt;/span&gt;&lt;span style=&quot;color:#808030; &quot;&gt;=&lt;/span&gt;&lt;span style=&quot;color:#808030; &quot;&gt;-&lt;/span&gt;&lt;span style=&quot;color:#008c00; &quot;&gt;1&lt;/span&gt;&lt;span style=&quot;color:#808030; &quot;&gt;)&lt;/span&gt;&lt;span style=&quot;color:#808030; &quot;&gt;:&lt;/span&gt;
                index&lt;span style=&quot;color:#808030; &quot;&gt;=&lt;/span&gt;index&lt;span style=&quot;color:#808030; &quot;&gt;-&lt;/span&gt;&lt;span style=&quot;color:#008c00; &quot;&gt;1&lt;/span&gt;&lt;span style=&quot;color:#808030; &quot;&gt;;&lt;/span&gt;
    
    &lt;span style=&quot;color:#800000; font-weight:bold; &quot;&gt;def&lt;/span&gt; rewrite_tag&lt;span style=&quot;color:#808030; &quot;&gt;(&lt;/span&gt;self&lt;span style=&quot;color:#808030; &quot;&gt;,&lt;/span&gt; tag&lt;span style=&quot;color:#808030; &quot;&gt;,&lt;/span&gt; index&lt;span style=&quot;color:#808030; &quot;&gt;,&lt;/span&gt; text&lt;span style=&quot;color:#808030; &quot;&gt;)&lt;/span&gt;&lt;span style=&quot;color:#808030; &quot;&gt;:&lt;/span&gt;
        temp&lt;span style=&quot;color:#808030; &quot;&gt;=&lt;/span&gt;&lt;span style=&quot;color:#008c00; &quot;&gt;0&lt;/span&gt;
        &lt;span style=&quot;color:#e34adc; &quot;&gt;file&lt;/span&gt; &lt;span style=&quot;color:#808030; &quot;&gt;=&lt;/span&gt; &lt;span style=&quot;color:#e34adc; &quot;&gt;open&lt;/span&gt;&lt;span style=&quot;color:#808030; &quot;&gt;(&lt;/span&gt;self&lt;span style=&quot;color:#808030; &quot;&gt;.&lt;/span&gt;filename&lt;span style=&quot;color:#808030; &quot;&gt;,&lt;/span&gt; &lt;span style=&quot;color:#0000e6; &quot;&gt;&#039;r&#039;&lt;/span&gt;&lt;span style=&quot;color:#808030; &quot;&gt;)&lt;/span&gt;
        data &lt;span style=&quot;color:#808030; &quot;&gt;=&lt;/span&gt; &lt;span style=&quot;color:#e34adc; &quot;&gt;file&lt;/span&gt;&lt;span style=&quot;color:#808030; &quot;&gt;.&lt;/span&gt;readlines&lt;span style=&quot;color:#808030; &quot;&gt;(&lt;/span&gt;&lt;span style=&quot;color:#808030; &quot;&gt;)&lt;/span&gt;
        &lt;span style=&quot;color:#e34adc; &quot;&gt;file&lt;/span&gt;&lt;span style=&quot;color:#808030; &quot;&gt;.&lt;/span&gt;close&lt;span style=&quot;color:#808030; &quot;&gt;(&lt;/span&gt;&lt;span style=&quot;color:#808030; &quot;&gt;)&lt;/span&gt;
        &lt;span style=&quot;color:#e34adc; &quot;&gt;file&lt;/span&gt; &lt;span style=&quot;color:#808030; &quot;&gt;=&lt;/span&gt; &lt;span style=&quot;color:#e34adc; &quot;&gt;open&lt;/span&gt;&lt;span style=&quot;color:#808030; &quot;&gt;(&lt;/span&gt;self&lt;span style=&quot;color:#808030; &quot;&gt;.&lt;/span&gt;filename&lt;span style=&quot;color:#808030; &quot;&gt;,&lt;/span&gt; &lt;span style=&quot;color:#0000e6; &quot;&gt;&#039;w&#039;&lt;/span&gt;&lt;span style=&quot;color:#808030; &quot;&gt;)&lt;/span&gt;
        &lt;span style=&quot;color:#800000; font-weight:bold; &quot;&gt;for&lt;/span&gt; line &lt;span style=&quot;color:#800000; font-weight:bold; &quot;&gt;in&lt;/span&gt; data&lt;span style=&quot;color:#808030; &quot;&gt;:&lt;/span&gt;
            &lt;span style=&quot;color:#800000; font-weight:bold; &quot;&gt;if&lt;/span&gt;&lt;span style=&quot;color:#808030; &quot;&gt;(&lt;/span&gt;line&lt;span style=&quot;color:#808030; &quot;&gt;.&lt;/span&gt;find&lt;span style=&quot;color:#808030; &quot;&gt;(&lt;/span&gt;tag&lt;span style=&quot;color:#808030; &quot;&gt;)&lt;/span&gt;&lt;span style=&quot;color:#808030; &quot;&gt;=&lt;/span&gt;&lt;span style=&quot;color:#808030; &quot;&gt;=&lt;/span&gt; &lt;span style=&quot;color:#808030; &quot;&gt;-&lt;/span&gt;&lt;span style=&quot;color:#008c00; &quot;&gt;1&lt;/span&gt;&lt;span style=&quot;color:#808030; &quot;&gt;)&lt;/span&gt;&lt;span style=&quot;color:#808030; &quot;&gt;:&lt;/span&gt;
                &lt;span style=&quot;color:#e34adc; &quot;&gt;file&lt;/span&gt;&lt;span style=&quot;color:#808030; &quot;&gt;.&lt;/span&gt;write&lt;span style=&quot;color:#808030; &quot;&gt;(&lt;/span&gt;line&lt;span style=&quot;color:#808030; &quot;&gt;)&lt;/span&gt;
            &lt;span style=&quot;color:#800000; font-weight:bold; &quot;&gt;elif&lt;/span&gt;&lt;span style=&quot;color:#808030; &quot;&gt;(&lt;/span&gt;line&lt;span style=&quot;color:#808030; &quot;&gt;.&lt;/span&gt;find&lt;span style=&quot;color:#808030; &quot;&gt;(&lt;/span&gt;tag&lt;span style=&quot;color:#808030; &quot;&gt;)&lt;/span&gt;&lt;span style=&quot;color:#808030; &quot;&gt;!&lt;/span&gt;&lt;span style=&quot;color:#808030; &quot;&gt;=&lt;/span&gt; &lt;span style=&quot;color:#808030; &quot;&gt;-&lt;/span&gt;&lt;span style=&quot;color:#008c00; &quot;&gt;1&lt;/span&gt; &lt;span style=&quot;color:#800000; font-weight:bold; &quot;&gt;and&lt;/span&gt; index&lt;span style=&quot;color:#808030; &quot;&gt;=&lt;/span&gt;&lt;span style=&quot;color:#808030; &quot;&gt;=&lt;/span&gt;&lt;span style=&quot;color:#008c00; &quot;&gt;0&lt;/span&gt; &lt;span style=&quot;color:#800000; font-weight:bold; &quot;&gt;and&lt;/span&gt; temp&lt;span style=&quot;color:#808030; &quot;&gt;=&lt;/span&gt;&lt;span style=&quot;color:#808030; &quot;&gt;=&lt;/span&gt;&lt;span style=&quot;color:#008c00; &quot;&gt;0&lt;/span&gt;&lt;span style=&quot;color:#808030; &quot;&gt;)&lt;/span&gt;&lt;span style=&quot;color:#808030; &quot;&gt;:&lt;/span&gt;
                &lt;span style=&quot;color:#e34adc; &quot;&gt;file&lt;/span&gt;&lt;span style=&quot;color:#808030; &quot;&gt;.&lt;/span&gt;write&lt;span style=&quot;color:#808030; &quot;&gt;(&lt;/span&gt;tag&lt;span style=&quot;color:#808030; &quot;&gt;+&lt;/span&gt;text&lt;span style=&quot;color:#808030; &quot;&gt;+&lt;/span&gt;tag&lt;span style=&quot;color:#808030; &quot;&gt;[&lt;/span&gt;&lt;span style=&quot;color:#808030; &quot;&gt;:&lt;/span&gt;&lt;span style=&quot;color:#008c00; &quot;&gt;1&lt;/span&gt;&lt;span style=&quot;color:#808030; &quot;&gt;]&lt;/span&gt; &lt;span style=&quot;color:#808030; &quot;&gt;+&lt;/span&gt; &lt;span style=&quot;color:#0000e6; &quot;&gt;&#039;/&#039;&lt;/span&gt; &lt;span style=&quot;color:#808030; &quot;&gt;+&lt;/span&gt; tag&lt;span style=&quot;color:#808030; &quot;&gt;[&lt;/span&gt;&lt;span style=&quot;color:#008c00; &quot;&gt;1&lt;/span&gt;&lt;span style=&quot;color:#808030; &quot;&gt;:&lt;/span&gt;&lt;span style=&quot;color:#808030; &quot;&gt;]&lt;/span&gt;&lt;span style=&quot;color:#808030; &quot;&gt;+&lt;/span&gt;&lt;span style=&quot;color:#0000e6; &quot;&gt;&#039;\\n&#039;&lt;/span&gt;&lt;span style=&quot;color:#808030; &quot;&gt;)&lt;/span&gt;
                temp&lt;span style=&quot;color:#808030; &quot;&gt;=&lt;/span&gt;&lt;span style=&quot;color:#008c00; &quot;&gt;1&lt;/span&gt;
            &lt;span style=&quot;color:#800000; font-weight:bold; &quot;&gt;elif&lt;/span&gt;&lt;span style=&quot;color:#808030; &quot;&gt;(&lt;/span&gt;line&lt;span style=&quot;color:#808030; &quot;&gt;.&lt;/span&gt;find&lt;span style=&quot;color:#808030; &quot;&gt;(&lt;/span&gt;tag&lt;span style=&quot;color:#808030; &quot;&gt;)&lt;/span&gt;&lt;span style=&quot;color:#808030; &quot;&gt;!&lt;/span&gt;&lt;span style=&quot;color:#808030; &quot;&gt;=&lt;/span&gt; &lt;span style=&quot;color:#808030; &quot;&gt;-&lt;/span&gt;&lt;span style=&quot;color:#008c00; &quot;&gt;1&lt;/span&gt;&lt;span style=&quot;color:#808030; &quot;&gt;)&lt;/span&gt;&lt;span style=&quot;color:#808030; &quot;&gt;:&lt;/span&gt;
                &lt;span style=&quot;color:#e34adc; &quot;&gt;file&lt;/span&gt;&lt;span style=&quot;color:#808030; &quot;&gt;.&lt;/span&gt;write&lt;span style=&quot;color:#808030; &quot;&gt;(&lt;/span&gt;line&lt;span style=&quot;color:#808030; &quot;&gt;)&lt;/span&gt;
                index&lt;span style=&quot;color:#808030; &quot;&gt;=&lt;/span&gt;index&lt;span style=&quot;color:#808030; &quot;&gt;-&lt;/span&gt;&lt;span style=&quot;color:#008c00; &quot;&gt;1&lt;/span&gt;
        &lt;span style=&quot;color:#e34adc; &quot;&gt;file&lt;/span&gt;&lt;span style=&quot;color:#808030; &quot;&gt;.&lt;/span&gt;close&lt;span style=&quot;color:#808030; &quot;&gt;(&lt;/span&gt;&lt;span style=&quot;color:#808030; &quot;&gt;)&lt;/span&gt;
        prettifyXML&lt;span style=&quot;color:#808030; &quot;&gt;(&lt;/span&gt;self&lt;span style=&quot;color:#808030; &quot;&gt;.&lt;/span&gt;filename&lt;span style=&quot;color:#808030; &quot;&gt;)&lt;/span&gt;
&lt;/code&gt;&lt;/code&gt;&lt;/pre&gt;
]]></content><private><![CDATA[Y]]></private><author><![CDATA[xiaoyangkao2]]></author><creation_date><![CDATA[august 26, 2012]]></creation_date><creDate>Sat, 23 Feb 2013 12:02:02 +0000</creDate><user><![CDATA[xiaoyangkao2]]></user></item>
