<?xml version="1.0" encoding="UTF-8"?>
<item><pubDate>Sat, 23 Feb 2013 11:48:24 +0000</pubDate><title><![CDATA[projects]]></title><url><![CDATA[projects]]></url><meta><![CDATA[]]></meta><metad><![CDATA[]]></metad><menu><![CDATA[projects]]></menu><menuOrder><![CDATA[1]]></menuOrder><menuStatus><![CDATA[Y]]></menuStatus><template><![CDATA[project_subcategory.php]]></template><parent><![CDATA[]]></parent><content><![CDATA[&lt;table border=&quot;0&quot; cellspacing=&quot;0&quot; style=&quot;margin-left:15px;&quot;&gt;
	&lt;tbody&gt;
		&lt;tr&gt;
			&lt;td&gt;
				&lt;img alt=&quot;&quot; src=&quot;http://d30cz35xum7wy8.cloudfront.net/projects/turing_alarm/turing_alarm_thumbnail.png&quot; style=&quot;float: left; height: 120px; width: 120px; &quot; /&gt;&lt;/td&gt;
			&lt;td style=&quot;padding-left:20px;&quot;&gt;
				&lt;h2&gt;
					&lt;a href=&quot;http://xy-kao.com/projects/turing-alarm/&quot;&gt;turing alarm&lt;/a&gt;&lt;/h2&gt;
				&lt;p&gt;
					The turing alarm is a mathematical alarm clock that forces you to solve math problems.&lt;/p&gt;
			&lt;/td&gt;
		&lt;/tr&gt;
		&lt;tr&gt;
			&lt;td&gt;
				&lt;img alt=&quot;&quot; src=&quot;http://d30cz35xum7wy8.cloudfront.net/projects/mosaic_unboxing/mosaic_unboxing_thumbnail.jpg&quot; style=&quot;float: left; width: 120px; height: 120px; &quot; /&gt;&lt;/td&gt;
			&lt;td style=&quot;padding-left:20px;&quot;&gt;
				&lt;h2&gt;
					&lt;a href=&quot;http://xy-kao.com/projects/unboxing-the-mosaic/&quot;&gt;makergear mosaic 3d printer&lt;/a&gt;&lt;/h2&gt;
				&lt;p&gt;
					Unboxing and assembling the makergear mosaic 3d printer.&lt;/p&gt;
			&lt;/td&gt;
		&lt;/tr&gt;
		&lt;tr&gt;
			&lt;td&gt;
				&lt;img alt=&quot;&quot; src=&quot;http://d30cz35xum7wy8.cloudfront.net/projects/audio_amp/audio_amp_thumbnail.jpg&quot; style=&quot;width: 120px; height: 120px; float: left; &quot; /&gt;&lt;/td&gt;
			&lt;td style=&quot;padding-left:20px;&quot;&gt;
				&lt;h2&gt;
					&lt;a href=&quot;http://xy-kao.com/projects/portable-audio-amp/&quot;&gt;portable audio amp&lt;/a&gt;&lt;/h2&gt;
				&lt;p&gt;
					A portable speaker box powered with AA batteries.&lt;/p&gt;
			&lt;/td&gt;
		&lt;/tr&gt;
		&lt;tr&gt;
			&lt;td&gt;
				&lt;img alt=&quot;&quot; src=&quot;http://d30cz35xum7wy8.cloudfront.net/projects/new_computer_build/computer_build_thumbnail.jpg&quot; style=&quot;width: 120px; height: 120px; float: left; &quot; /&gt;&lt;/td&gt;
			&lt;td style=&quot;padding-left:20px;&quot;&gt;
				&lt;h2&gt;
					&lt;a href=&quot;http://xy-kao.com/projects/new-computer-build/&quot;&gt;new computer build&lt;/a&gt;&lt;/h2&gt;
				&lt;p&gt;
					Choosing parts and building a new computer.&lt;/p&gt;
			&lt;/td&gt;
		&lt;/tr&gt;
		&lt;tr&gt;
			&lt;td&gt;
				&lt;img alt=&quot;&quot; src=&quot;http://d30cz35xum7wy8.cloudfront.net/projects/GIFcapture/GIFcapture_thumbnail.gif&quot; style=&quot;float: left; width: 122px; height: 122px; &quot; /&gt;&lt;/td&gt;
			&lt;td style=&quot;padding-left:20px;&quot;&gt;
				&lt;h2&gt;
					&lt;a href=&quot;http://xy-kao.com/projects/gifcapture/&quot;&gt;GIFcapture&lt;/a&gt;&lt;/h2&gt;
				&lt;p&gt;
					A gif capture script. Based on the Python Imaging Library and images2gif.&lt;/p&gt;
			&lt;/td&gt;
		&lt;/tr&gt;
		&lt;tr&gt;
			&lt;td&gt;
				&lt;img alt=&quot;&quot; src=&quot;http://d30cz35xum7wy8.cloudfront.net/projects/daktronics_decoder/thumbnail.png&quot; style=&quot;float: left; width: 120px; height: 120px;&quot; /&gt;&lt;/td&gt;
			&lt;td style=&quot;padding-left:20px;&quot;&gt;
				&lt;h2&gt;
					&lt;a href=&quot;http://xy-kao.com/projects/decoding-daktronics-omnisport-2000/&quot;&gt;decoding the daktronics omnisport 2000&lt;/a&gt;&lt;/h2&gt;
				&lt;p&gt;
					Decoding the signals from a swimming timing console for broadcast graphics.&lt;/p&gt;
			&lt;/td&gt;
		&lt;/tr&gt;
		&lt;tr&gt;
			&lt;td&gt;
				&lt;img alt=&quot;&quot; src=&quot;http://d30cz35xum7wy8.cloudfront.net/projects/virtual_graphics_swimming/thumbnail.jpg&quot; style=&quot;float: left; width: 120px; height: 120px;&quot; /&gt;&lt;/td&gt;
			&lt;td style=&quot;padding-left:20px;&quot;&gt;
				&lt;h2&gt;
					&lt;a href=&quot;http://xy-kao.com/projects/virtual-graphics-for-swimming/&quot;&gt;virtual lane graphics for swimming&lt;/a&gt;&lt;/h2&gt;
				&lt;p&gt;
					Virtual lane overlays like in the Olympics&amp;nbsp;for a swimming meet.&amp;nbsp;&lt;/p&gt;
			&lt;/td&gt;
		&lt;/tr&gt;
	&lt;/tbody&gt;
&lt;/table&gt;
&lt;p&gt;
	&amp;nbsp;&lt;/p&gt;
]]></content><private><![CDATA[]]></private><author><![CDATA[xiaoyangkao2]]></author><creation_date><![CDATA[]]></creation_date><creDate>Sat, 23 Feb 2013 11:48:24 +0000</creDate><user><![CDATA[xiaoyangkao2]]></user></item>
