<?xml version="1.0"?>
<simplecachesettings><enabled>N</enabled><ttl>60</ttl><nocache><slug>about</slug><slug>documentation</slug><slug>projects</slug><slug>32-24-display</slug><slug>decoding-daktronics-omnisport-2000</slug><slug>gifcapture</slug><slug>new-computer-build</slug><slug>portable-audio-amp</slug><slug>remote-weather-data-logger</slug><slug>turing-alarm</slug><slug>unboxing-the-mosaic</slug><slug>sandbox</slug><slug>batch-resizing-with-irfanview</slug><slug>led-matrix</slug><slug>eagle-library</slug><slug>laser-cut-project-boxes</slug><slug>layer-heights-on-the-3d-printer</slug><slug>repairing-a-daktronics-scoreboard</slug><slug>replicating-an-object</slug><slug>simple-xml-readwrite</slug><slug>thoughts</slug></nocache></simplecachesettings>
