<?xml version="1.0" encoding="UTF-8"?>
<item><pubDate>Mon, 13 May 2013 22:38:04 +0800</pubDate><title><![CDATA[home]]></title><url><![CDATA[index]]></url><meta><![CDATA[xyk2maker, xyk2, xiaoyang, kao, electronics, avr]]></meta><metad><![CDATA[Projects, documentation, thoughts, and experiments by xyk2. ]]></metad><menu><![CDATA[Home]]></menu><menuOrder><![CDATA[1]]></menuOrder><menuStatus><![CDATA[]]></menuStatus><template><![CDATA[home.php]]></template><parent><![CDATA[]]></parent><content><![CDATA[&lt;p&gt;
	homepage_listing(&#039;Virtual Lane Graphics for Swimming with CSS3 and HTML5&#039;, &#039;http://localhost/projects/virtual-graphics-for-swimming/&#039;, &#039;february 16, 2013&#039;, &#039;projects&#039;, &#039;http://d30cz35xum7wy8.cloudfront.net/projects/virtual_graphics_swimming/olympics.jpg&#039;, &#039;If you watched any of the Olympic swimming events last year on television, you probably saw something like this: Pretty cool stuff.&#039;, &#039;41%&#039;);&lt;/p&gt;
&lt;p&gt;
	&lt;br /&gt;
	homepage_listing(&#039;Decoding the Daktronics Omnisport 2000&#039;, &#039;http://localhost/projects/decoding-daktronics-omnisport-2000/&#039;, &#039;january 8, 2013&#039;, &#039;projects&#039;, &#039;http://d30cz35xum7wy8.cloudfront.net/projects/virtual_graphics_swimming/olympics.jpg&#039;, &#039;If you watched any of the Olympic swimming events last year on television, you probably saw something like this: Pretty cool stuff.&#039;, &#039;41%&#039;);&lt;/p&gt;
&lt;p&gt;
	&lt;br /&gt;
	homepage_listing(&#039;Batch Resizing with IRFanView&#039;, &#039;http://localhost/sandbox/batch-resizing-with-irfanview/&#039;, &#039;january 6, 2013&#039;, &#039;sandbox&#039;, &#039;http://d30cz35xum7wy8.cloudfront.net/projects/virtual_graphics_swimming/olympics.jpg&#039;, &#039;If you watched any of the Olympic swimming events last year on television, you probably saw something like this: Pretty cool stuff.&#039;, &#039;41%&#039;);&lt;/p&gt;
&lt;p&gt;
	&lt;br /&gt;
	homepage_listing(&#039;Repairing a Daktronics Scoreboard&#039;, &#039;http://localhost/sandbox/repairing-a-daktronics-scoreboard/&#039;, &#039;january 4, 2013&#039;, &#039;sandbox&#039;, &#039;http://d30cz35xum7wy8.cloudfront.net/projects/virtual_graphics_swimming/olympics.jpg&#039;, &#039;If you watched any of the Olympic swimming events last year on television, you probably saw something like this: Pretty cool stuff.&#039;, &#039;41%&#039;);&lt;/p&gt;
&lt;p&gt;
	&lt;br /&gt;
	homepage_listing(&#039;Reddit Sort Bookmarklets&#039;, &#039;http://localhost/sandbox/reddit-sort-bookmarklets/&#039;, &#039;october 16, 2012&#039;, &#039;sandbox&#039;, &#039;http://d30cz35xum7wy8.cloudfront.net/projects/virtual_graphics_swimming/olympics.jpg&#039;, &#039;If you watched any of the Olympic swimming events last year on television, you probably saw something like this: Pretty cool stuff.&#039;, &#039;41%&#039;);&lt;/p&gt;
&lt;p&gt;
	&lt;br /&gt;
	homepage_listing(&#039;Simple XML read/write&#039;, &#039;http://localhost/sandbox/simple-xml-readwrite/&#039;, &#039;august 26, 2012&#039;, &#039;sandbox&#039;, &#039;http://d30cz35xum7wy8.cloudfront.net/projects/virtual_graphics_swimming/olympics.jpg&#039;, &#039;If you watched any of the Olympic swimming events last year on television, you probably saw something like this: Pretty cool stuff.&#039;, &#039;41%&#039;);&lt;/p&gt;
&lt;p&gt;
	&lt;br /&gt;
	homepage_listing(&#039;Eagle Library&#039;, &#039;http://localhost/sandbox/eagle-library/&#039;, &#039;august 2, 2012&#039;, &#039;sandbox&#039;, &#039;http://d30cz35xum7wy8.cloudfront.net/projects/virtual_graphics_swimming/olympics.jpg&#039;, &#039;If you watched any of the Olympic swimming events last year on television, you probably saw something like this: Pretty cool stuff.&#039;, &#039;41%&#039;);&lt;/p&gt;
&lt;p&gt;
	&lt;br /&gt;
	homepage_listing(&#039;GIFcapture&#039;, &#039;http://localhost/projects/gifcapture/&#039;, &#039;july 26, 2012&#039;, &#039;projects&#039;, &#039;http://d30cz35xum7wy8.cloudfront.net/projects/virtual_graphics_swimming/olympics.jpg&#039;, &#039;If you watched any of the Olympic swimming events last year on television, you probably saw something like this: Pretty cool stuff.&#039;, &#039;41%&#039;);&lt;/p&gt;
&lt;p&gt;
	&lt;br /&gt;
	homepage_listing(&#039;New Computer Build&#039;, &#039;http://localhost/projects/new-computer-build/&#039;, &#039;july 17, 2012&#039;, &#039;projects&#039;, &#039;http://d30cz35xum7wy8.cloudfront.net/projects/virtual_graphics_swimming/olympics.jpg&#039;, &#039;If you watched any of the Olympic swimming events last year on television, you probably saw something like this: Pretty cool stuff.&#039;, &#039;41%&#039;);&lt;/p&gt;
&lt;p&gt;
	&lt;br /&gt;
	homepage_listing(&#039;Remote Weather Data Logger&#039;, &#039;http://localhost/projects/remote-weather-data-logger/&#039;, &#039;june 16, 2012&#039;, &#039;projects&#039;, &#039;http://d30cz35xum7wy8.cloudfront.net/projects/virtual_graphics_swimming/olympics.jpg&#039;, &#039;If you watched any of the Olympic swimming events last year on television, you probably saw something like this: Pretty cool stuff.&#039;, &#039;41%&#039;);&lt;/p&gt;
&lt;p&gt;
	&lt;br /&gt;
	homepage_listing(&#039;Laser Cut Project Boxes&#039;, &#039;http://localhost/sandbox/laser-cut-project-boxes/&#039;, &#039;june 10, 2012&#039;, &#039;sandbox&#039;, &#039;http://d30cz35xum7wy8.cloudfront.net/projects/virtual_graphics_swimming/olympics.jpg&#039;, &#039;If you watched any of the Olympic swimming events last year on television, you probably saw something like this: Pretty cool stuff.&#039;, &#039;41%&#039;);&lt;/p&gt;
&lt;p&gt;
	&lt;br /&gt;
	homepage_listing(&#039;Replicating an Object&#039;, &#039;http://localhost/sandbox/replicating-an-object/&#039;, &#039;june 9, 2012&#039;, &#039;sandbox&#039;, &#039;http://d30cz35xum7wy8.cloudfront.net/projects/virtual_graphics_swimming/olympics.jpg&#039;, &#039;If you watched any of the Olympic swimming events last year on television, you probably saw something like this: Pretty cool stuff.&#039;, &#039;41%&#039;);&lt;/p&gt;
&lt;p&gt;
	&lt;br /&gt;
	homepage_listing(&#039;Layer Heights on the 3D Printer&#039;, &#039;http://localhost/sandbox/layer-heights-on-the-3d-printer/&#039;, &#039;june 6, 2012&#039;, &#039;sandbox&#039;, &#039;http://d30cz35xum7wy8.cloudfront.net/projects/virtual_graphics_swimming/olympics.jpg&#039;, &#039;If you watched any of the Olympic swimming events last year on television, you probably saw something like this: Pretty cool stuff.&#039;, &#039;41%&#039;);&lt;/p&gt;
&lt;p&gt;
	&lt;br /&gt;
	homepage_listing(&#039;Unboxing The Mosaic&#039;, &#039;http://localhost/projects/unboxing-the-mosaic/&#039;, &#039;june 6, 2012&#039;, &#039;projects&#039;, &#039;http://d30cz35xum7wy8.cloudfront.net/projects/virtual_graphics_swimming/olympics.jpg&#039;, &#039;If you watched any of the Olympic swimming events last year on television, you probably saw something like this: Pretty cool stuff.&#039;, &#039;41%&#039;);&lt;/p&gt;
&lt;p&gt;
	&lt;br /&gt;
	homepage_listing(&#039;Portable Audio Amp&#039;, &#039;http://localhost/projects/portable-audio-amp/&#039;, &#039;june 6, 2012&#039;, &#039;projects&#039;, &#039;http://d30cz35xum7wy8.cloudfront.net/projects/virtual_graphics_swimming/olympics.jpg&#039;, &#039;If you watched any of the Olympic swimming events last year on television, you probably saw something like this: Pretty cool stuff.&#039;, &#039;41%&#039;);&lt;/p&gt;
&lt;p&gt;
	&lt;br /&gt;
	homepage_listing(&#039;Controlling Led Matrices&#039;, &#039;http://localhost/sandbox/led-matrix/&#039;, &#039;may 17, 2012&#039;, &#039;sandbox&#039;, &#039;http://d30cz35xum7wy8.cloudfront.net/projects/virtual_graphics_swimming/olympics.jpg&#039;, &#039;If you watched any of the Olympic swimming events last year on television, you probably saw something like this: Pretty cool stuff.&#039;, &#039;41%&#039;);&lt;/p&gt;
&lt;p&gt;
	&lt;br /&gt;
	homepage_listing(&#039;The Turing Alarm&#039;, &#039;http://localhost/projects/turing-alarm/&#039;, &#039;april 28, 2012&#039;, &#039;projects&#039;, &#039;http://d30cz35xum7wy8.cloudfront.net/projects/virtual_graphics_swimming/olympics.jpg&#039;, &#039;If you watched any of the Olympic swimming events last year on television, you probably saw something like this: Pretty cool stuff.&#039;, &#039;41%&#039;);&lt;/p&gt;
]]></content><private><![CDATA[]]></private><author><![CDATA[xiaoyangkao2]]></author><creation_date><![CDATA[]]></creation_date><creDate>Mon, 13 May 2013 22:38:04 +0800</creDate><user><![CDATA[xiaoyangkao2]]></user></item>
