<?xml version="1.0" encoding="UTF-8"?>
<item><pubDate>Thu, 02 Aug 2012 04:52:38 +0000</pubDate><title><![CDATA[GIFcapture]]></title><url><![CDATA[gifcapture]]></url><meta><![CDATA[screen capture gif, gif maker, gif screen, convert gif]]></meta><metad><![CDATA[]]></metad><menu><![CDATA[test]]></menu><menuOrder><![CDATA[0]]></menuOrder><menuStatus><![CDATA[]]></menuStatus><template><![CDATA[template.php]]></template><parent><![CDATA[projects]]></parent><content><![CDATA[&lt;p style=\&quot;text-align: center; \&quot;&gt;
	&lt;img alt=\&quot;\&quot; src=\&quot;http://d30cz35xum7wy8.cloudfront.net/projects/GIFcapture/GIFcapture_header.gif\&quot; style=\&quot;width: 660px; height: 192px; \&quot; /&gt;&lt;/p&gt;
&lt;p&gt;
	GIFcapture is a little python script I wrote that captures anything on your screen to a .gif animation. It utilizes the &lt;a href=\&quot;http://www.pythonware.com/products/pil/\&quot;&gt;Python Imaging Library&lt;/a&gt; for screen capturing and and the &lt;a href=\&quot;https://code.google.com/p/visvis/\&quot;&gt;image2gif module by&amp;nbsp;Almar Klein&lt;/a&gt; for the actual gif generation. This script is Windows only for now until I can find a msvcrt equivalent in Linux.&amp;nbsp;&lt;/p&gt;
&lt;p&gt;
	Instead of taking a video of the screen, the program captures many screenshots in succession to create frames. &amp;nbsp;There is a inherent limitation to using this method: the capture rate is restricted by the write speed of the hard drive. To get around this, the program holds the screenshots in RAM until the user ends capturing.&amp;nbsp;&lt;/p&gt;
&lt;p&gt;
	There is still a lot of work to be done. A nice GUI interface will be added, and the code can be optimized even more. Check out the TODO file for a list of features that will be implemented.&amp;nbsp;&lt;/p&gt;
&lt;p&gt;
	&amp;nbsp;&lt;/p&gt;
&lt;h2&gt;
	information&lt;/h2&gt;
&lt;p&gt;
	• &lt;strong&gt;Requires &lt;a href=\&quot;http://www.pythonware.com/products/pil/\&quot;&gt;PIL&lt;/a&gt;&amp;nbsp;and python&lt;/strong&gt; (tested with 2.7, not compatible with 3).&lt;br /&gt;
	• &lt;strong&gt;User editable&lt;/strong&gt; capture size and resize.&lt;br /&gt;
	• &lt;strong&gt;Graininess is from the 8-bit color dithering&lt;/strong&gt;. It is not recommended to turn it off, but you can by adding a dithering=0 parameter to the writeGif function.&lt;br /&gt;
	• &lt;strong&gt;Maximum capture speed&lt;/strong&gt; of ~20fps.&lt;br /&gt;
	• &lt;strong&gt;Does NOT support dual monitors&lt;/strong&gt; at the moment. It will only capture what happens on the primary screen.&amp;nbsp;&lt;/p&gt;
&lt;p&gt;
	&amp;nbsp;&lt;/p&gt;
&lt;h2&gt;
	download&lt;/h2&gt;
&lt;p&gt;
	Download GIFcapture version 0.91 here or on &lt;a href=\&quot;http://github.com/xyk2\&quot;&gt;github&lt;/a&gt;. Updated 8-02.&lt;/p&gt;
&lt;p style=\&quot;text-align: center; \&quot;&gt;
	&lt;strong&gt;&lt;a href=\&quot;http://d30cz35xum7wy8.cloudfront.net/projects/GIFcapture/GIFcapture_v0.91.zip\&quot;&gt;GIFcapture_v0.91.zip&lt;/a&gt;&lt;/strong&gt;&lt;/p&gt;
&lt;p style=\&quot;text-align: center; \&quot;&gt;
	&amp;nbsp;&lt;/p&gt;
&lt;h2 style=\&quot;text-align: left; \&quot;&gt;
	source&lt;/h2&gt;
&lt;pre style=\&quot;color:#000000;background:#ffffff;\&quot;&gt;
&lt;span style=\&quot;color:#696969; \&quot;&gt;#! /usr/bin/python&lt;/span&gt;

&lt;span style=\&quot;color:#696969; \&quot;&gt;#    This program is free software: you can redistribute it and/or modify&lt;/span&gt;
&lt;span style=\&quot;color:#696969; \&quot;&gt;#    it under the terms of the GNU General Public License as published by&lt;/span&gt;
&lt;span style=\&quot;color:#696969; \&quot;&gt;#    the Free Software Foundation, either version 3 of the License, or&lt;/span&gt;
&lt;span style=\&quot;color:#696969; \&quot;&gt;#    (at your option) any later version.&lt;/span&gt;
&lt;span style=\&quot;color:#696969; \&quot;&gt;#&lt;/span&gt;
&lt;span style=\&quot;color:#696969; \&quot;&gt;#    This program is distributed in the hope that it will be useful,&lt;/span&gt;
&lt;span style=\&quot;color:#696969; \&quot;&gt;#    but WITHOUT ANY WARRANTY; without even the implied warranty of&lt;/span&gt;
&lt;span style=\&quot;color:#696969; \&quot;&gt;#    MERCHANTABILITY or FITNESS FOR A PARTICULAR PURPOSE.  See the&lt;/span&gt;
&lt;span style=\&quot;color:#696969; \&quot;&gt;#    GNU General Public License for more details.&lt;/span&gt;
&lt;span style=\&quot;color:#696969; \&quot;&gt;#&lt;/span&gt;
&lt;span style=\&quot;color:#696969; \&quot;&gt;#    You should have received a copy of the GNU General Public License&lt;/span&gt;
&lt;span style=\&quot;color:#696969; \&quot;&gt;#    along with this program.  If not, see &amp;lt;http://www.gnu.org/licenses/&amp;gt;.&lt;/span&gt;
&lt;span style=\&quot;color:#696969; \&quot;&gt;############################################################################&lt;/span&gt;

&lt;span style=\&quot;color:#800000; font-weight:bold; \&quot;&gt;import&lt;/span&gt; os
&lt;span style=\&quot;color:#800000; font-weight:bold; \&quot;&gt;import&lt;/span&gt; shutil
&lt;span style=\&quot;color:#800000; font-weight:bold; \&quot;&gt;import&lt;/span&gt; sys
&lt;span style=\&quot;color:#800000; font-weight:bold; \&quot;&gt;import&lt;/span&gt; time
&lt;span style=\&quot;color:#800000; font-weight:bold; \&quot;&gt;from&lt;/span&gt; PIL &lt;span style=\&quot;color:#800000; font-weight:bold; \&quot;&gt;import&lt;/span&gt; Image
&lt;span style=\&quot;color:#800000; font-weight:bold; \&quot;&gt;import&lt;/span&gt; ImageGrab
&lt;span style=\&quot;color:#800000; font-weight:bold; \&quot;&gt;import&lt;/span&gt; etc&lt;span style=\&quot;color:#808030; \&quot;&gt;.&lt;/span&gt;settings as s
&lt;span style=\&quot;color:#800000; font-weight:bold; \&quot;&gt;from&lt;/span&gt; lib&lt;span style=\&quot;color:#808030; \&quot;&gt;.&lt;/span&gt;images2gif &lt;span style=\&quot;color:#800000; font-weight:bold; \&quot;&gt;import&lt;/span&gt; writeGif
&lt;span style=\&quot;color:#800000; font-weight:bold; \&quot;&gt;import&lt;/span&gt; msvcrt

img &lt;span style=\&quot;color:#808030; \&quot;&gt;=&lt;/span&gt; &lt;span style=\&quot;color:#808030; \&quot;&gt;[&lt;/span&gt;&lt;span style=\&quot;color:#808030; \&quot;&gt;]&lt;/span&gt;
file_location &lt;span style=\&quot;color:#808030; \&quot;&gt;=&lt;/span&gt; &lt;span style=\&quot;color:#808030; \&quot;&gt;[&lt;/span&gt;&lt;span style=\&quot;color:#808030; \&quot;&gt;]&lt;/span&gt;
fps &lt;span style=\&quot;color:#808030; \&quot;&gt;=&lt;/span&gt; &lt;span style=\&quot;color:#808030; \&quot;&gt;[&lt;/span&gt;&lt;span style=\&quot;color:#808030; \&quot;&gt;]&lt;/span&gt;
time&lt;span style=\&quot;color:#808030; \&quot;&gt;.&lt;/span&gt;clock&lt;span style=\&quot;color:#808030; \&quot;&gt;(&lt;/span&gt;&lt;span style=\&quot;color:#808030; \&quot;&gt;)&lt;/span&gt; &lt;span style=\&quot;color:#696969; \&quot;&gt;#reset process timer&lt;/span&gt;

program_path &lt;span style=\&quot;color:#808030; \&quot;&gt;=&lt;/span&gt; os&lt;span style=\&quot;color:#808030; \&quot;&gt;.&lt;/span&gt;path&lt;span style=\&quot;color:#808030; \&quot;&gt;.&lt;/span&gt;dirname&lt;span style=\&quot;color:#808030; \&quot;&gt;(&lt;/span&gt;sys&lt;span style=\&quot;color:#808030; \&quot;&gt;.&lt;/span&gt;argv&lt;span style=\&quot;color:#808030; \&quot;&gt;[&lt;/span&gt;&lt;span style=\&quot;color:#008c00; \&quot;&gt;0&lt;/span&gt;&lt;span style=\&quot;color:#808030; \&quot;&gt;]&lt;/span&gt;&lt;span style=\&quot;color:#808030; \&quot;&gt;)&lt;/span&gt;&lt;span style=\&quot;color:#808030; \&quot;&gt;+&lt;/span&gt;&lt;span style=\&quot;color:#0000e6; \&quot;&gt;\&#039;/\&#039;&lt;/span&gt;
&lt;span style=\&quot;color:#800000; font-weight:bold; \&quot;&gt;if&lt;/span&gt;&lt;span style=\&quot;color:#808030; \&quot;&gt;(&lt;/span&gt;os&lt;span style=\&quot;color:#808030; \&quot;&gt;.&lt;/span&gt;path&lt;span style=\&quot;color:#808030; \&quot;&gt;.&lt;/span&gt;isdir&lt;span style=\&quot;color:#808030; \&quot;&gt;(&lt;/span&gt;&lt;span style=\&quot;color:#0000e6; \&quot;&gt;\&#039;%stemp\&#039;&lt;/span&gt;&lt;span style=\&quot;color:#808030; \&quot;&gt;%&lt;/span&gt;program_path&lt;span style=\&quot;color:#808030; \&quot;&gt;)&lt;/span&gt; &lt;span style=\&quot;color:#800000; font-weight:bold; \&quot;&gt;is&lt;/span&gt; &lt;span style=\&quot;color:#800000; font-weight:bold; \&quot;&gt;not&lt;/span&gt; &lt;span style=\&quot;color:#e34adc; \&quot;&gt;True&lt;/span&gt;&lt;span style=\&quot;color:#808030; \&quot;&gt;)&lt;/span&gt;&lt;span style=\&quot;color:#808030; \&quot;&gt;:&lt;/span&gt; os&lt;span style=\&quot;color:#808030; \&quot;&gt;.&lt;/span&gt;mkdir&lt;span style=\&quot;color:#808030; \&quot;&gt;(&lt;/span&gt;&lt;span style=\&quot;color:#0000e6; \&quot;&gt;\&#039;%stemp\&#039;&lt;/span&gt;&lt;span style=\&quot;color:#808030; \&quot;&gt;%&lt;/span&gt;program_path&lt;span style=\&quot;color:#808030; \&quot;&gt;)&lt;/span&gt;
    
&lt;span style=\&quot;color:#e34adc; \&quot;&gt;raw_input&lt;/span&gt;&lt;span style=\&quot;color:#808030; \&quot;&gt;(&lt;/span&gt;&lt;span style=\&quot;color:#0000e6; \&quot;&gt;\&quot;\\nPress enter to start capture.\\n\&quot;&lt;/span&gt;&lt;span style=\&quot;color:#808030; \&quot;&gt;)&lt;/span&gt;

&lt;span style=\&quot;color:#800000; font-weight:bold; \&quot;&gt;while&lt;/span&gt;&lt;span style=\&quot;color:#808030; \&quot;&gt;(&lt;/span&gt;&lt;span style=\&quot;color:#800000; font-weight:bold; \&quot;&gt;not&lt;/span&gt; msvcrt&lt;span style=\&quot;color:#808030; \&quot;&gt;.&lt;/span&gt;kbhit&lt;span style=\&quot;color:#808030; \&quot;&gt;(&lt;/span&gt;&lt;span style=\&quot;color:#808030; \&quot;&gt;)&lt;/span&gt;&lt;span style=\&quot;color:#808030; \&quot;&gt;)&lt;/span&gt;&lt;span style=\&quot;color:#808030; \&quot;&gt;:&lt;/span&gt;
    old_time &lt;span style=\&quot;color:#808030; \&quot;&gt;=&lt;/span&gt; time&lt;span style=\&quot;color:#808030; \&quot;&gt;.&lt;/span&gt;clock&lt;span style=\&quot;color:#808030; \&quot;&gt;(&lt;/span&gt;&lt;span style=\&quot;color:#808030; \&quot;&gt;)&lt;/span&gt;
    img&lt;span style=\&quot;color:#808030; \&quot;&gt;.&lt;/span&gt;append&lt;span style=\&quot;color:#808030; \&quot;&gt;(&lt;/span&gt;ImageGrab&lt;span style=\&quot;color:#808030; \&quot;&gt;.&lt;/span&gt;grab&lt;span style=\&quot;color:#808030; \&quot;&gt;(&lt;/span&gt;s&lt;span style=\&quot;color:#808030; \&quot;&gt;.&lt;/span&gt;CAPTURE_DIMENSIONS&lt;span style=\&quot;color:#808030; \&quot;&gt;)&lt;/span&gt;&lt;span style=\&quot;color:#808030; \&quot;&gt;)&lt;/span&gt;
    &lt;span style=\&quot;color:#800000; font-weight:bold; \&quot;&gt;print&lt;/span&gt; &lt;span style=\&quot;color:#0000e6; \&quot;&gt;\&#039;Capturing frame %d\&#039;&lt;/span&gt;&lt;span style=\&quot;color:#808030; \&quot;&gt;%&lt;/span&gt;&lt;span style=\&quot;color:#e34adc; \&quot;&gt;len&lt;/span&gt;&lt;span style=\&quot;color:#808030; \&quot;&gt;(&lt;/span&gt;img&lt;span style=\&quot;color:#808030; \&quot;&gt;)&lt;/span&gt;
    time&lt;span style=\&quot;color:#808030; \&quot;&gt;.&lt;/span&gt;sleep&lt;span style=\&quot;color:#808030; \&quot;&gt;(&lt;/span&gt;s&lt;span style=\&quot;color:#808030; \&quot;&gt;.&lt;/span&gt;CAPTURE_DELAY&lt;span style=\&quot;color:#808030; \&quot;&gt;)&lt;/span&gt;
    fps&lt;span style=\&quot;color:#808030; \&quot;&gt;.&lt;/span&gt;append&lt;span style=\&quot;color:#808030; \&quot;&gt;(&lt;/span&gt;time&lt;span style=\&quot;color:#808030; \&quot;&gt;.&lt;/span&gt;clock&lt;span style=\&quot;color:#808030; \&quot;&gt;(&lt;/span&gt;&lt;span style=\&quot;color:#808030; \&quot;&gt;)&lt;/span&gt;&lt;span style=\&quot;color:#808030; \&quot;&gt;-&lt;/span&gt;old_time&lt;span style=\&quot;color:#808030; \&quot;&gt;)&lt;/span&gt;

&lt;span style=\&quot;color:#800000; font-weight:bold; \&quot;&gt;print&lt;/span&gt; &lt;span style=\&quot;color:#0000e6; \&quot;&gt;\&#039;\\n\\n  Captured %d frames in %.3fs\&#039;&lt;/span&gt;&lt;span style=\&quot;color:#808030; \&quot;&gt;%&lt;/span&gt;&lt;span style=\&quot;color:#808030; \&quot;&gt;(&lt;/span&gt;&lt;span style=\&quot;color:#e34adc; \&quot;&gt;len&lt;/span&gt;&lt;span style=\&quot;color:#808030; \&quot;&gt;(&lt;/span&gt;img&lt;span style=\&quot;color:#808030; \&quot;&gt;)&lt;/span&gt;&lt;span style=\&quot;color:#808030; \&quot;&gt;,&lt;/span&gt; sum&lt;span style=\&quot;color:#808030; \&quot;&gt;(&lt;/span&gt;fps&lt;span style=\&quot;color:#808030; \&quot;&gt;)&lt;/span&gt;&lt;span style=\&quot;color:#808030; \&quot;&gt;)&lt;/span&gt;
&lt;span style=\&quot;color:#800000; font-weight:bold; \&quot;&gt;print&lt;/span&gt; &lt;span style=\&quot;color:#0000e6; \&quot;&gt;\&#039;  Frames captured per second: %.2f\&#039;&lt;/span&gt; &lt;span style=\&quot;color:#808030; \&quot;&gt;%&lt;/span&gt;&lt;span style=\&quot;color:#808030; \&quot;&gt;(&lt;/span&gt;&lt;span style=\&quot;color:#008c00; \&quot;&gt;1&lt;/span&gt;&lt;span style=\&quot;color:#808030; \&quot;&gt;/&lt;/span&gt;&lt;span style=\&quot;color:#808030; \&quot;&gt;(&lt;/span&gt;sum&lt;span style=\&quot;color:#808030; \&quot;&gt;(&lt;/span&gt;fps&lt;span style=\&quot;color:#808030; \&quot;&gt;)&lt;/span&gt;&lt;span style=\&quot;color:#808030; \&quot;&gt;/&lt;/span&gt;&lt;span style=\&quot;color:#e34adc; \&quot;&gt;len&lt;/span&gt;&lt;span style=\&quot;color:#808030; \&quot;&gt;(&lt;/span&gt;fps&lt;span style=\&quot;color:#808030; \&quot;&gt;)&lt;/span&gt;&lt;span style=\&quot;color:#808030; \&quot;&gt;)&lt;/span&gt;&lt;span style=\&quot;color:#808030; \&quot;&gt;)&lt;/span&gt;
&lt;span style=\&quot;color:#800000; font-weight:bold; \&quot;&gt;print&lt;/span&gt; &lt;span style=\&quot;color:#0000e6; \&quot;&gt;\&#039;\\nWriting frames to %s...\&#039;&lt;/span&gt;&lt;span style=\&quot;color:#808030; \&quot;&gt;%&lt;/span&gt;s&lt;span style=\&quot;color:#808030; \&quot;&gt;.&lt;/span&gt;GIF_FILE

&lt;span style=\&quot;color:#800000; font-weight:bold; \&quot;&gt;for&lt;/span&gt; x &lt;span style=\&quot;color:#800000; font-weight:bold; \&quot;&gt;in&lt;/span&gt; &lt;span style=\&quot;color:#e34adc; \&quot;&gt;range&lt;/span&gt;&lt;span style=\&quot;color:#808030; \&quot;&gt;(&lt;/span&gt;&lt;span style=\&quot;color:#e34adc; \&quot;&gt;len&lt;/span&gt;&lt;span style=\&quot;color:#808030; \&quot;&gt;(&lt;/span&gt;img&lt;span style=\&quot;color:#808030; \&quot;&gt;)&lt;/span&gt;&lt;span style=\&quot;color:#808030; \&quot;&gt;)&lt;/span&gt;&lt;span style=\&quot;color:#808030; \&quot;&gt;:&lt;/span&gt;
    file_location&lt;span style=\&quot;color:#808030; \&quot;&gt;.&lt;/span&gt;append&lt;span style=\&quot;color:#808030; \&quot;&gt;(&lt;/span&gt;&lt;span style=\&quot;color:#0000e6; \&quot;&gt;r\&#039;%stemp\\frame_%d.jpg\&#039;&lt;/span&gt;&lt;span style=\&quot;color:#808030; \&quot;&gt;%&lt;/span&gt;&lt;span style=\&quot;color:#808030; \&quot;&gt;(&lt;/span&gt;program_path&lt;span style=\&quot;color:#808030; \&quot;&gt;,&lt;/span&gt;x&lt;span style=\&quot;color:#808030; \&quot;&gt;)&lt;/span&gt;&lt;span style=\&quot;color:#808030; \&quot;&gt;)&lt;/span&gt;
    &lt;span style=\&quot;color:#800000; font-weight:bold; \&quot;&gt;if&lt;/span&gt;&lt;span style=\&quot;color:#808030; \&quot;&gt;(&lt;/span&gt;s&lt;span style=\&quot;color:#808030; \&quot;&gt;.&lt;/span&gt;RESIZED_DIMENSIONS&lt;span style=\&quot;color:#808030; \&quot;&gt;[&lt;/span&gt;&lt;span style=\&quot;color:#008c00; \&quot;&gt;0&lt;/span&gt;&lt;span style=\&quot;color:#808030; \&quot;&gt;]&lt;/span&gt; &lt;span style=\&quot;color:#800000; font-weight:bold; \&quot;&gt;is&lt;/span&gt; &lt;span style=\&quot;color:#800000; font-weight:bold; \&quot;&gt;not&lt;/span&gt; &lt;span style=\&quot;color:#808030; \&quot;&gt;-&lt;/span&gt;&lt;span style=\&quot;color:#008c00; \&quot;&gt;1&lt;/span&gt;&lt;span style=\&quot;color:#808030; \&quot;&gt;)&lt;/span&gt;&lt;span style=\&quot;color:#808030; \&quot;&gt;:&lt;/span&gt; img&lt;span style=\&quot;color:#808030; \&quot;&gt;[&lt;/span&gt;x&lt;span style=\&quot;color:#808030; \&quot;&gt;]&lt;/span&gt;&lt;span style=\&quot;color:#808030; \&quot;&gt;.&lt;/span&gt;thumbnail&lt;span style=\&quot;color:#808030; \&quot;&gt;(&lt;/span&gt;s&lt;span style=\&quot;color:#808030; \&quot;&gt;.&lt;/span&gt;RESIZED_DIMENSIONS&lt;span style=\&quot;color:#808030; \&quot;&gt;,&lt;/span&gt; Image&lt;span style=\&quot;color:#808030; \&quot;&gt;.&lt;/span&gt;ANTIALIAS&lt;span style=\&quot;color:#808030; \&quot;&gt;)&lt;/span&gt; 
    img&lt;span style=\&quot;color:#808030; \&quot;&gt;[&lt;/span&gt;x&lt;span style=\&quot;color:#808030; \&quot;&gt;]&lt;/span&gt;&lt;span style=\&quot;color:#808030; \&quot;&gt;.&lt;/span&gt;save&lt;span style=\&quot;color:#808030; \&quot;&gt;(&lt;/span&gt;file_location&lt;span style=\&quot;color:#808030; \&quot;&gt;[&lt;/span&gt;x&lt;span style=\&quot;color:#808030; \&quot;&gt;]&lt;/span&gt;&lt;span style=\&quot;color:#808030; \&quot;&gt;)&lt;/span&gt;

PILimages &lt;span style=\&quot;color:#808030; \&quot;&gt;=&lt;/span&gt; &lt;span style=\&quot;color:#808030; \&quot;&gt;[&lt;/span&gt;Image&lt;span style=\&quot;color:#808030; \&quot;&gt;.&lt;/span&gt;&lt;span style=\&quot;color:#e34adc; \&quot;&gt;open&lt;/span&gt;&lt;span style=\&quot;color:#808030; \&quot;&gt;(&lt;/span&gt;x&lt;span style=\&quot;color:#808030; \&quot;&gt;)&lt;/span&gt; &lt;span style=\&quot;color:#800000; font-weight:bold; \&quot;&gt;for&lt;/span&gt; x &lt;span style=\&quot;color:#800000; font-weight:bold; \&quot;&gt;in&lt;/span&gt; file_location&lt;span style=\&quot;color:#808030; \&quot;&gt;]&lt;/span&gt;

writeGif&lt;span style=\&quot;color:#808030; \&quot;&gt;(&lt;/span&gt;s&lt;span style=\&quot;color:#808030; \&quot;&gt;.&lt;/span&gt;GIF_FILE&lt;span style=\&quot;color:#808030; \&quot;&gt;,&lt;/span&gt; PILimages&lt;span style=\&quot;color:#808030; \&quot;&gt;,&lt;/span&gt; duration &lt;span style=\&quot;color:#808030; \&quot;&gt;=&lt;/span&gt; &lt;span style=\&quot;color:#808030; \&quot;&gt;(&lt;/span&gt;sum&lt;span style=\&quot;color:#808030; \&quot;&gt;(&lt;/span&gt;fps&lt;span style=\&quot;color:#808030; \&quot;&gt;)&lt;/span&gt;&lt;span style=\&quot;color:#808030; \&quot;&gt;/&lt;/span&gt;&lt;span style=\&quot;color:#e34adc; \&quot;&gt;len&lt;/span&gt;&lt;span style=\&quot;color:#808030; \&quot;&gt;(&lt;/span&gt;fps&lt;span style=\&quot;color:#808030; \&quot;&gt;)&lt;/span&gt;&lt;span style=\&quot;color:#808030; \&quot;&gt;)&lt;/span&gt;&lt;span style=\&quot;color:#808030; \&quot;&gt;)&lt;/span&gt; &lt;span style=\&quot;color:#696969; \&quot;&gt;#real time framerate&lt;/span&gt;
&lt;span style=\&quot;color:#696969; \&quot;&gt;#for filename in file_location: os.remove(filename)&lt;/span&gt;
&lt;span style=\&quot;color:#696969; \&quot;&gt;#os.rmdir(\&#039;temp\&#039;)&lt;/span&gt;
shutil&lt;span style=\&quot;color:#808030; \&quot;&gt;.&lt;/span&gt;rmtree&lt;span style=\&quot;color:#808030; \&quot;&gt;(&lt;/span&gt;&lt;span style=\&quot;color:#0000e6; \&quot;&gt;\&#039;%stemp\&#039;&lt;/span&gt;&lt;span style=\&quot;color:#808030; \&quot;&gt;%&lt;/span&gt;program_path&lt;span style=\&quot;color:#808030; \&quot;&gt;)&lt;/span&gt;

&lt;span style=\&quot;color:#800000; font-weight:bold; \&quot;&gt;print&lt;/span&gt; &lt;span style=\&quot;color:#0000e6; \&quot;&gt;\&quot;\\n\\n\\nGIF file information:\&quot;&lt;/span&gt;
&lt;span style=\&quot;color:#800000; font-weight:bold; \&quot;&gt;print&lt;/span&gt; &lt;span style=\&quot;color:#0000e6; \&quot;&gt;\&quot;  Size:             %d KB\&quot;&lt;/span&gt; &lt;span style=\&quot;color:#808030; \&quot;&gt;%&lt;/span&gt;&lt;span style=\&quot;color:#808030; \&quot;&gt;(&lt;/span&gt;os&lt;span style=\&quot;color:#808030; \&quot;&gt;.&lt;/span&gt;path&lt;span style=\&quot;color:#808030; \&quot;&gt;.&lt;/span&gt;getsize&lt;span style=\&quot;color:#808030; \&quot;&gt;(&lt;/span&gt;s&lt;span style=\&quot;color:#808030; \&quot;&gt;.&lt;/span&gt;GIF_FILE&lt;span style=\&quot;color:#808030; \&quot;&gt;)&lt;/span&gt;&lt;span style=\&quot;color:#808030; \&quot;&gt;/&lt;/span&gt;&lt;span style=\&quot;color:#008c00; \&quot;&gt;1024&lt;/span&gt;&lt;span style=\&quot;color:#808030; \&quot;&gt;)&lt;/span&gt;
&lt;span style=\&quot;color:#800000; font-weight:bold; \&quot;&gt;print&lt;/span&gt; &lt;span style=\&quot;color:#0000e6; \&quot;&gt;\&quot;  Frames:           %d\&quot;&lt;/span&gt; &lt;span style=\&quot;color:#808030; \&quot;&gt;%&lt;/span&gt;&lt;span style=\&quot;color:#e34adc; \&quot;&gt;len&lt;/span&gt;&lt;span style=\&quot;color:#808030; \&quot;&gt;(&lt;/span&gt;img&lt;span style=\&quot;color:#808030; \&quot;&gt;)&lt;/span&gt;
&lt;span style=\&quot;color:#800000; font-weight:bold; \&quot;&gt;print&lt;/span&gt; &lt;span style=\&quot;color:#0000e6; \&quot;&gt;\&quot;  Gif frame rate:   %.1f fps\&quot;&lt;/span&gt; &lt;span style=\&quot;color:#808030; \&quot;&gt;%&lt;/span&gt;&lt;span style=\&quot;color:#808030; \&quot;&gt;(&lt;/span&gt;&lt;span style=\&quot;color:#008c00; \&quot;&gt;1&lt;/span&gt;&lt;span style=\&quot;color:#808030; \&quot;&gt;/&lt;/span&gt;&lt;span style=\&quot;color:#808030; \&quot;&gt;(&lt;/span&gt;sum&lt;span style=\&quot;color:#808030; \&quot;&gt;(&lt;/span&gt;fps&lt;span style=\&quot;color:#808030; \&quot;&gt;)&lt;/span&gt;&lt;span style=\&quot;color:#808030; \&quot;&gt;/&lt;/span&gt;&lt;span style=\&quot;color:#e34adc; \&quot;&gt;len&lt;/span&gt;&lt;span style=\&quot;color:#808030; \&quot;&gt;(&lt;/span&gt;fps&lt;span style=\&quot;color:#808030; \&quot;&gt;)&lt;/span&gt;&lt;span style=\&quot;color:#808030; \&quot;&gt;)&lt;/span&gt;&lt;span style=\&quot;color:#808030; \&quot;&gt;)&lt;/span&gt;
&lt;span style=\&quot;color:#800000; font-weight:bold; \&quot;&gt;print&lt;/span&gt; &lt;span style=\&quot;color:#0000e6; \&quot;&gt;\&quot;  Gif duration:     %.3fs\\n\\n\&quot;&lt;/span&gt; &lt;span style=\&quot;color:#808030; \&quot;&gt;%&lt;/span&gt;&lt;span style=\&quot;color:#808030; \&quot;&gt;(&lt;/span&gt;&lt;span style=\&quot;color:#e34adc; \&quot;&gt;len&lt;/span&gt;&lt;span style=\&quot;color:#808030; \&quot;&gt;(&lt;/span&gt;img&lt;span style=\&quot;color:#808030; \&quot;&gt;)&lt;/span&gt;&lt;span style=\&quot;color:#808030; \&quot;&gt;*&lt;/span&gt;&lt;span style=\&quot;color:#808030; \&quot;&gt;(&lt;/span&gt;sum&lt;span style=\&quot;color:#808030; \&quot;&gt;(&lt;/span&gt;fps&lt;span style=\&quot;color:#808030; \&quot;&gt;)&lt;/span&gt;&lt;span style=\&quot;color:#808030; \&quot;&gt;/&lt;/span&gt;&lt;span style=\&quot;color:#e34adc; \&quot;&gt;len&lt;/span&gt;&lt;span style=\&quot;color:#808030; \&quot;&gt;(&lt;/span&gt;fps&lt;span style=\&quot;color:#808030; \&quot;&gt;)&lt;/span&gt;&lt;span style=\&quot;color:#808030; \&quot;&gt;)&lt;/span&gt;&lt;span style=\&quot;color:#808030; \&quot;&gt;)&lt;/span&gt;

time&lt;span style=\&quot;color:#808030; \&quot;&gt;.&lt;/span&gt;sleep&lt;span style=\&quot;color:#808030; \&quot;&gt;(&lt;/span&gt;&lt;span style=\&quot;color:#008c00; \&quot;&gt;8&lt;/span&gt;&lt;span style=\&quot;color:#808030; \&quot;&gt;)&lt;/span&gt;
&lt;/pre&gt;
]]></content><private><![CDATA[]]></private><author><![CDATA[xiaoyangkao2]]></author><creation_date><![CDATA[july 26, 2012]]></creation_date><creDate>Thu, 02 Aug 2012 04:52:38 +0000</creDate><user><![CDATA[xiaoyangkao2]]></user></item>
