<?xml version="1.0" encoding="UTF-8"?>
<channel><item><plugin><![CDATA[external_comments.php]]></plugin><enabled><![CDATA[false]]></enabled></item><item><plugin><![CDATA[i18n_customfields.php]]></plugin><enabled><![CDATA[true]]></enabled></item><item><plugin><![CDATA[news_manager.php]]></plugin><enabled><![CDATA[false]]></enabled></item><item><plugin><![CDATA[pages-excerpts.php]]></plugin><enabled><![CDATA[false]]></enabled></item><item><plugin><![CDATA[simplecache.php]]></plugin><enabled><![CDATA[true]]></enabled></item></channel>
