<?xml version="1.0" encoding="UTF-8"?>
<item><pubDate>Wed, 01 Aug 2012 10:42:09 +0000</pubDate><title><![CDATA[layer heights on the 3d printer]]></title><url><![CDATA[layer-heights-on-the-3d-printer]]></url><meta><![CDATA[]]></meta><metad><![CDATA[]]></metad><menu><![CDATA[layer heights on the mosaic 3d printer]]></menu><menuOrder><![CDATA[0]]></menuOrder><menuStatus><![CDATA[]]></menuStatus><template><![CDATA[template.php]]></template><parent><![CDATA[sandbox]]></parent><content><![CDATA[&lt;p style=\&quot;text-align: center;\&quot;&gt;
	&lt;img alt=\&quot;\&quot; src=\&quot;http://d30cz35xum7wy8.cloudfront.net/sandbox/layer_heights/layer_heights_cover.jpg\&quot; style=\&quot;width: 600px; height: 416px; \&quot; /&gt;&lt;/p&gt;
&lt;p&gt;
	My MakerGear Mosaic 3d printer comes with a stock 0.35mm nozzle, meaning that it extrudes a 0.35mm stream of plastic. This doesn\&#039;t mean that the layer height has to be the same because as the nozzle moves, it can squish down on the extruded plastic. In fact, the recommended layer height for my 0.35mm nozzle is 0.3mm. Squishing the plastic down is actually beneficial because it allows for better contact with the layer below.&lt;/p&gt;
&lt;p&gt;
	&amp;nbsp;&lt;/p&gt;
&lt;p style=\&quot;text-align: center;\&quot;&gt;
	&lt;img alt=\&quot;\&quot; src=\&quot;http://d30cz35xum7wy8.cloudfront.net/sandbox/layer_heights/layer_heights_300marked.jpg\&quot; style=\&quot;width: 500px; height: 347px; \&quot; /&gt;&lt;/p&gt;
&lt;p style=\&quot;text-align: center;\&quot;&gt;
	The width of the caliper is set to 1mm. With the default resolution of 0.3mm, you can see that there are roughly three layers (marked in blue) between the red lines.&lt;/p&gt;
&lt;p style=\&quot;text-align: center;\&quot;&gt;
	&amp;nbsp;&lt;/p&gt;
&lt;p&gt;
	The characteristic \&#039;ridges\&#039; created by the layers become less obvious as layer heights decrease, giving a smoother finish. With a stock 0.35mm nozzle, I managed to print at a layer height of 100 microns, or 0.1mm. At this resolution the ridges are barely detectable with a finger, but the downside is that it takes three times as long to print. The cover photo is of a print with a layer height of 0.1mm.&lt;/p&gt;
&lt;p&gt;
	&amp;nbsp;&lt;/p&gt;
&lt;p style=\&quot;text-align: center;\&quot;&gt;
	&lt;img alt=\&quot;\&quot; src=\&quot;http://d30cz35xum7wy8.cloudfront.net/sandbox/layer_heights/layer_heights_200.jpg\&quot; style=\&quot;width: 550px; height: 370px; \&quot; /&gt;&lt;/p&gt;
&lt;p style=\&quot;text-align: center;\&quot;&gt;
	This is a print at a layer height of 0.2mm. This resolution has a good balance between print speed and surface smoothness.&lt;/p&gt;
&lt;p style=\&quot;text-align: center;\&quot;&gt;
	&amp;nbsp;&lt;/p&gt;
&lt;p&gt;
	Full gallery with high-resolution photos &lt;a href=\&quot;https://picasaweb.google.com/100717066473058120846/LayerHeightsOn3DPrinters?authuser=0&amp;amp;feat=directlink\&quot;&gt;here&lt;/a&gt;.&lt;/p&gt;
]]></content><private><![CDATA[]]></private><author><![CDATA[xiaoyangkao2]]></author><creation_date><![CDATA[june 6, 2012]]></creation_date><creDate>Wed, 01 Aug 2012 10:42:09 +0000</creDate><user><![CDATA[xiaoyangkao2]]></user></item>
