<?xml version="1.0" encoding="UTF-8"?>
<item><pubDate>Wed, 01 Aug 2012 10:41:59 +0000</pubDate><title><![CDATA[laser cut project boxes]]></title><url><![CDATA[laser-cut-project-boxes]]></url><meta><![CDATA[]]></meta><metad><![CDATA[]]></metad><menu><![CDATA[laser cut project boxes]]></menu><menuOrder><![CDATA[0]]></menuOrder><menuStatus><![CDATA[]]></menuStatus><template><![CDATA[template.php]]></template><parent><![CDATA[sandbox]]></parent><content><![CDATA[&lt;p style=\&quot;text-align: center;\&quot;&gt;
	&lt;img alt=\&quot;\&quot; src=\&quot;http://d30cz35xum7wy8.cloudfront.net/sandbox/laser_cut_boxes/laser_cut_boxes_cover.png\&quot; style=\&quot;width: 600px; height: 600px; \&quot; /&gt;&lt;/p&gt;
&lt;p&gt;
	Creating a three dimensional object from a flat sheet of material is the idea behind cutting boxes on laser cutters. IKEA does this with their flatpack furniture, which is assembled together by the user. My room-automator project needs a custom enclosure, so I designed a box in Rhino and cut it out on the school laser cutter.&lt;/p&gt;
&lt;p&gt;
	&amp;nbsp;&lt;/p&gt;
&lt;p style=\&quot;text-align: center;\&quot;&gt;
	&lt;img alt=\&quot;\&quot; src=\&quot;http://d30cz35xum7wy8.cloudfront.net/sandbox/laser_cut_boxes/laser_cut_boxes_2.jpg\&quot; style=\&quot;width: 600px; height: 190px; \&quot; /&gt;&lt;/p&gt;
&lt;p&gt;
	To hold the thing together, I used t-slot joints. These are interlocking mortise-and-tenon joints paired with a M5 bolt and a hex nut. M5 bolts were ideal because the thickness of the plywood I used was also 5mm.&lt;/p&gt;
&lt;p&gt;
	&amp;nbsp;&lt;/p&gt;
&lt;p style=\&quot;text-align: center;\&quot;&gt;
	&lt;img alt=\&quot;\&quot; src=\&quot;http://d30cz35xum7wy8.cloudfront.net/sandbox/laser_cut_boxes/laser_cut_boxes_3.jpg\&quot; style=\&quot;width: 600px; height: 363px; \&quot; /&gt;&lt;/p&gt;
&lt;p&gt;
	&amp;nbsp;&lt;/p&gt;
&lt;p&gt;
	High resolution photos available &lt;a href=\&quot;https://picasaweb.google.com/100717066473058120846/LaserCutProjectBoxes?authuser=0&amp;amp;feat=directlink\&quot;&gt;on Picasa&lt;/a&gt;.&lt;/p&gt;
]]></content><private><![CDATA[]]></private><author><![CDATA[xiaoyangkao2]]></author><creation_date><![CDATA[june 10, 2012]]></creation_date><creDate>Wed, 01 Aug 2012 10:41:59 +0000</creDate><user><![CDATA[xiaoyangkao2]]></user></item>
