<?xml version="1.0" encoding="UTF-8"?>
<item><pubDate>Wed, 01 Aug 2012 10:35:40 +0000</pubDate><title><![CDATA[unboxing the mosaic]]></title><url><![CDATA[unboxing-the-mosaic]]></url><meta><![CDATA[]]></meta><metad><![CDATA[]]></metad><menu><![CDATA[assembling the mosaic]]></menu><menuOrder><![CDATA[0]]></menuOrder><menuStatus><![CDATA[]]></menuStatus><template><![CDATA[template.php]]></template><parent><![CDATA[projects]]></parent><content><![CDATA[&lt;p style=\&quot;text-align: center;\&quot;&gt;
	&lt;img alt=\&quot;\&quot; src=\&quot;http://d30cz35xum7wy8.cloudfront.net/projects/mosaic_unboxing/mosaic_unboxing_cover.jpg\&quot; style=\&quot;width: 600px; height: 627px; \&quot; /&gt;&lt;/p&gt;
&lt;p&gt;
	The MakerGear Mosaic is one of many DIY 3d printers available. A lot of 3d printers are at the sub-$1000 mark now, making them very affordable for hobbyists like myself. The big name in 3d printing is the MakerBot, but the print size was too small for me so I went with the Mosaic.&lt;/p&gt;
&lt;p&gt;
	Full gallery with high-resolution photos &lt;a href=\&quot;https://picasaweb.google.com/100717066473058120846/MakerGearMosaicUnboxing?authuser=0&amp;amp;feat=directlink\&quot;&gt;here&lt;/a&gt;.&lt;/p&gt;
&lt;p&gt;
	&amp;nbsp;&lt;/p&gt;
&lt;p style=\&quot;text-align: center;\&quot;&gt;
	&lt;img alt=\&quot;\&quot; src=\&quot;http://d30cz35xum7wy8.cloudfront.net/projects/mosaic_unboxing/mosaic_unboxing_box.jpg\&quot; style=\&quot;width: 500px; height: 359px; \&quot; /&gt;&lt;/p&gt;
&lt;p&gt;
	Shipping box. Very expensive postage because I am not in the US.&lt;/p&gt;
&lt;p&gt;
	&amp;nbsp;&lt;/p&gt;
&lt;p style=\&quot;text-align: center;\&quot;&gt;
	&lt;img alt=\&quot;\&quot; src=\&quot;http://d30cz35xum7wy8.cloudfront.net/projects/mosaic_unboxing/mosaic_unboxing_1.jpg\&quot; style=\&quot;width: 500px; height: 325px; \&quot; /&gt;&lt;/p&gt;
&lt;p&gt;
	Packing list and invoice. She even handwrote a message and included chocolate :). Very nice.&lt;/p&gt;
&lt;p&gt;
	&amp;nbsp;&lt;/p&gt;
&lt;p style=\&quot;text-align: center;\&quot;&gt;
	&lt;img alt=\&quot;\&quot; src=\&quot;http://d30cz35xum7wy8.cloudfront.net/projects/mosaic_unboxing/mosaic_unboxing_2.jpg\&quot; style=\&quot;width: 500px; height: 309px; \&quot; /&gt;&lt;/p&gt;
&lt;p&gt;
	Heated build platform. The heater board is secured between two aluminum plates with binder clips.&lt;/p&gt;
&lt;p&gt;
	&amp;nbsp;&lt;/p&gt;
&lt;p style=\&quot;text-align: center;\&quot;&gt;
	&lt;img alt=\&quot;\&quot; src=\&quot;http://d30cz35xum7wy8.cloudfront.net/projects/mosaic_unboxing/mosaic_unboxing_3.jpg\&quot; style=\&quot;width: 500px; height: 307px; \&quot; /&gt;&lt;/p&gt;
&lt;p&gt;
	Laser cut parts. The z-assembly is preassembled with linear bearings and a nut for the leadscrew.&lt;/p&gt;
&lt;p&gt;
	&amp;nbsp;&lt;/p&gt;
&lt;p style=\&quot;text-align: center;\&quot;&gt;
	&lt;img alt=\&quot;\&quot; src=\&quot;http://d30cz35xum7wy8.cloudfront.net/projects/mosaic_unboxing/mosaic_unboxing_4.jpg\&quot; style=\&quot;width: 500px; height: 375px; \&quot; /&gt;&lt;/p&gt;
&lt;p&gt;
	Laser cut frame. The frame uses M3 t-slots with square nuts. Assembling this took about half an hour.&lt;/p&gt;
&lt;p&gt;
	&amp;nbsp;&lt;/p&gt;
&lt;p style=\&quot;text-align: center;\&quot;&gt;
	&lt;img alt=\&quot;\&quot; src=\&quot;http://d30cz35xum7wy8.cloudfront.net/projects/mosaic_unboxing/mosaic_unboxing_5.jpg\&quot; style=\&quot;width: 500px; height: 375px; \&quot; /&gt;&lt;/p&gt;
&lt;p&gt;
	Hot end and the filament drive stepper. The hot end heats up to 180C for PLA and 230C for ABS plastic.&lt;/p&gt;
&lt;p&gt;
	&amp;nbsp;&lt;/p&gt;
&lt;p style=\&quot;text-align: center;\&quot;&gt;
	&lt;img alt=\&quot;\&quot; src=\&quot;http://d30cz35xum7wy8.cloudfront.net/projects/mosaic_unboxing/mosaic_unboxing_6.jpg\&quot; style=\&quot;width: 500px; height: 375px; \&quot; /&gt;&lt;/p&gt;
&lt;p&gt;
	A set of tools and kapton tape. The allen key is for the M3 bolts, and the kapton tape is for printing with ABS.&lt;/p&gt;
&lt;p&gt;
	&amp;nbsp;&lt;/p&gt;
&lt;p style=\&quot;text-align: center;\&quot;&gt;
	&lt;img alt=\&quot;\&quot; src=\&quot;http://d30cz35xum7wy8.cloudfront.net/projects/mosaic_unboxing/mosaic_unboxing_7.jpg\&quot; style=\&quot;width: 500px; height: 375px; \&quot; /&gt;&lt;/p&gt;
&lt;p&gt;
	Z stepper and screw. The x and y axes are belt driven, and the Z is screw driven. The white thing in the bag is a 3d printed knob for manual z control.&lt;/p&gt;
&lt;p&gt;
	&amp;nbsp;&lt;/p&gt;
&lt;p style=\&quot;text-align: center;\&quot;&gt;
	&lt;img alt=\&quot;\&quot; src=\&quot;http://d30cz35xum7wy8.cloudfront.net/projects/mosaic_unboxing/mosaic_unboxing_8.jpg\&quot; style=\&quot;width: 600px; height: 320px; \&quot; /&gt;&lt;/p&gt;
&lt;p&gt;
	X and y assemblies and endstops. The endstops let the software know where to start printing.&lt;/p&gt;
&lt;p&gt;
	&amp;nbsp;&lt;/p&gt;
&lt;p style=\&quot;text-align: center;\&quot;&gt;
	&lt;img alt=\&quot;\&quot; src=\&quot;http://d30cz35xum7wy8.cloudfront.net/projects/mosaic_unboxing/mosaic_unboxing_9.jpg\&quot; style=\&quot;height: 338px; width: 450px; \&quot; /&gt;&lt;/p&gt;
&lt;p&gt;
	Power supplies. There is one 12V power supply for the fan, the extruder, and the motors, and another switch mode 24V supply for the heated build platform.&lt;/p&gt;
&lt;p&gt;
	&amp;nbsp;&lt;/p&gt;
&lt;p style=\&quot;text-align: center;\&quot;&gt;
	&lt;img alt=\&quot;\&quot; src=\&quot;http://d30cz35xum7wy8.cloudfront.net/projects/mosaic_unboxing/mosaic_unboxing_11.jpg\&quot; style=\&quot;width: 500px; height: 375px; \&quot; /&gt;&lt;/p&gt;
&lt;p&gt;
	Included 1kg spool of PLA plastic from Ultimachine. PLA warps a lot less than ABS, so it is better to start printing with.&lt;/p&gt;
&lt;p&gt;
	&amp;nbsp;&lt;/p&gt;
&lt;p&gt;
	&amp;nbsp;&lt;/p&gt;
]]></content><private><![CDATA[]]></private><author><![CDATA[xiaoyangkao2]]></author><creation_date><![CDATA[june 6, 2012]]></creation_date><creDate>Wed, 01 Aug 2012 10:35:40 +0000</creDate><user><![CDATA[xiaoyangkao2]]></user></item>
